tekst;kat
- At USA har besluttet at skære støtten er både trist, skadeligt og unødvendigt, siger udviklingsministeren.;NORMAL
- De unge er udsat for et enormt pres fra alle mulige kanter i deres liv. Og vi ville gerne lave en serie, der kunne lette noget af det pres hos dem, siger holdet bag SKAM.;NORMAL
 den moderne nordeuropæer er resultatet af flere indvandringsbølger.;TEMA
- Der bliver drukket lidt færre jægerbombs. ??De her seje mænd fra team Mandehørm Vejen vil sammen forsøge at ændre livsstil og få dyrket noget mere motion - ligesom mændene fra tv-programmet Rigtige mænd - DR. Derfor har de tilmeldt sig Rigtige Mænd Sjak;NORMAL
- Der er så mange andre måder, det kan blive delt på, og det er meget usædvanligt, at man slår billederne offentligt op, lyder det fra offer for hævnporno.Tror du, at Facebooks tiltag batter?;NORMAL
- Det angreb på børn gjorde et stort indtryk på mig, Et stort indtryk. Det var en skrækkelig, skrækkelig ting.;NORMAL
- Det burde være alment bekymrende, siger lektor i Østeuropastudier.;NORMAL
- Det er en meget, meget, meget stor næse, siger Simon Kollerup fra Socialdemokratiet.;NORMAL
- Det er jo et mirakel, at han overlever, siger speciallæge.Selv siger Carlos: Min ven reddede mit liv.;NORMAL
- Det er noget, man skal lære at leve med. For man har ikke andre muligheder.En torsdag aften for halvandet år siden får Frederik Moelsby fra Nørresundby en SMS fra sin arbejdsgiver. På det tidspunkt arbejder han om natten som dørmand i Jomfru Ane Gade sa;NORMAL
- Det er vigtigt, at de ikke bliver sat i bås som handicappede, når de kommer her. Vi er nogle frivillige, som tager imod dem med åbne arme.;NORMAL
- Det her angreb rammer lige ind en hidsig, til tider nærmest hadefuld debat, som er et opgør med årtiers konsensus om udlændingepolitikken.;NORMAL
- Det ligner et terroristangreb, men det er ikke noget, vi ved, det kan man kun spekulere i. Under alle omstændigheder er det en forfærdelig ting.;NORMAL
- Det ville være løgn at sige, at hun syntes, det var en smart ide af far, fortæller Christian Ahlefeldt-Laurvig-Lehn.;NORMAL
- Du kan ikke tilbageholde og retsforfølge mennesker, som ganske enkelt ikke eksisterer i republikken, har talsmand for republikkens leder angiveligt sagt.;NORMAL
- For mig lød det bare som en voldtægtsscene.'Lunas' mor forsøgte at forberede datteren på, hvordan bryllupsnatten med hendes fætter ville blive. 'Luna' var ikke interesseret i brylluppet og er nu på et krisecenter for unge med anden etnisk baggrund.;NORMAL
- Han har undskyldt, og det er vi meget tilfredse med, siger Peter Skaarup.DF lader Esben Lunde Larsen blive som minister.;NORMAL
- Historien kan fortælle os en hel masse om, hvor dygtige vi mennesker er til at tilpasse os.På Nationalmuseet kan man bla. finde skelettet af en over 7000 år gammel kvinde og hendes barn, der begge levede dengang, vi stadig jagede med bue og pil og spyd ;TEMA
- Hvis ikke du kan lide Sverige og svenskerne, hvad laver du så her? Sådan tænker jeg i dag. Jeg havde aldrig troet, jeg skulle tænke sådan, siger Eva Ek Törnberg.;NORMAL
- Hvorfor blev min søn sendt hjem fra hospitalet?Det spørger Dion Licht Jensen om, efter hans søn blev sendt hjem fra Hvidovre Hospital med hvad de mente måtte være influenza.Men det var ikke influenza Christopher havde. Det var meningitis. En sygdom han ;NORMAL
- I opfører jer som mafiaen. I tror, vi er gidsler. Det er vi ikke. Vi er frie til at forlade EU, lød det fra Farage under brexit-debat.;NORMAL
- Jeg bruger GPS’en i min mobiltelefon til alt. Men den har samtidig berøvet mig for den lille bitte smule stedsans, jeg havde før, så nu er jeg totalt afhængig af teknologien.Kender du den følelse?;NORMAL
- Jeg er vant til jævnligt at blive ignoreret af forskere fra de store, tyske universiteter, og jeg er ikke så god til at netværke, fortæller Thomas Royan, der angiveligt stod og børstede tænder, da ti-øren pludselig faldt.;NORMAL
- Jeg hilser det velkommen, at Donald J. Trump er trådt i karakter.;NORMAL
- Jeg håber, at tiden vil vise, at jeg har gjort et godt stykke arbejde - og endnu vigtigere at min fars administration er den succes, jeg ved, den bliver, siger Ivanka Trump.;NORMAL
- Jeg synes, at det, der skete i Syrien, er en skændsel mod menneskeheden. Han (Assad) er der, og jeg formoder, at han styrer tingene, så noget skal ske, siger Trump;NORMAL
- Jeg synes, at det, der skete i Syrien, er en skændsel mod menneskeheden. Han (Assad) er der, og jeg formoder, at han styrer tingene, så noget skal ske, siger Trump.;NORMAL
- Jeg tror bare, at man kan mærke, at nu er det nu.Tove Andresen så sin søn dø af meningitis.;NORMAL
- Jeg vil gerne invitere til en åben offentlig samtale, så vi undgår, at beslutningen om fremtidens danske medieindhold udelukkende bliver et mellemværende mellem branchen og politikerne.Er det en god idé, Mette Bock her har fået?;NORMAL
- Jo mindre panik man har, jo lettere får man en  kæreste.;NORMAL
- Kineserne er meget tiltrukket af ravets magiske egenskaber, lyder det.;TEMA
- Lægerne fortalte mig, at det nok kun var halv time fra, at jeg ikke havde overlevet.På trods af klare tegn på meningitis som røde og blå pletter flere steder på kroppen og opkast, blev spanske Carlos Fernandez afvist tre gange hos akuttelefonen 1813 til;NORMAL
 Man har hele værktøjskassen fra stenalderjægerne bevaret under vand.;TEMA
- Man lukker et ministerie for næste år at åbne det igen - alene fordi der er kommet flere partier i regeringen, og der skal være kødben nok at dele ud, tordner Enhedslisten.;NORMAL
- Man skal have lov at være anderledes og have den seksuelle orientering, man ønsker. ??????For nylig blev to mænd i Holland slået ned, da de gik hånd i hånd gennem byen, og de seneste dage har flere mænd vist deres solidaritet ved at tage hinanden i hænd;NORMAL
- Man skal insistere på at det værst tænkelige, det sker jo.I P1 Eftermiddag fortalte Rebecca Bach-Lauritsen om at skrive til børn om det vanskeligste emne af dem alle.;NORMAL
- Mange af stenene ligger knuste tilbage på stedet, fortæller politiet.;NORMAL
- Mange tak. Det er et imponerende tal, sagde EU's menneskeretskommissær på en pressekonference, da konferencen var slut.;NORMAL
- Selvom du er ninja til at reagere, betyder det meget, at du kører lidt for hurtigt.;NORMAL
- Ved angrebet (...) begyndte mange af ofrene at udvise tegn på kvælning eller faldt besvimede om. Det tyder på et gasangreb, siger overvågningsgruppen.;NORMAL
- Vi er jo født med bar røv allesammen!Den fynske badminton-darling ved, hvordan han undgår stjernenykker efter sejr i Indien ??;NORMAL
- Vi er rigtig glade for, at vi har mange tal. Og det lyder jo helt barokt, men det hænger sammen med, at vi har bedt om at have en kultur, hvor vi indberetter alt, hvad vi tænker kunne have haft en utilsigtet hændelse, lyder det.;NORMAL
- Vi føler os ikke bundet af noget parti. Det handler om, hvilken politik vi kan få gennemført, siger Sofie Carsten Nielsen i Slotsholmen på P1.;NORMAL
- Vi føler os pisset på.Frustrationen hober sig op efter flere måneder, hvor Region Syddanmark stadig mangler at betale ambulancereddere løn.;NORMAL
- Vi har været igennem 30-40 års mislykket integrationsindsats, og noget af det, som vi ved virker, er faktisk en ordentlig vuggestue, en ordentlig børnehave og en ordentlig skolegang, siger Mette Frederiksen.Har hun en pointe?;NORMAL
- Vi håber virkelig, at han ikke bliver valgt ind, så vi kan beholde ham, lyder det fra hans chef i DR.;NORMAL
- Vi nægter at acceptere Ruslands annektering af Krim, siger Løkke med henvisning til halvøen, som Rusland annekterede i 2014.;NORMAL
"- Vi skal passe på med at holde fast i gamle myter om ""old men’s network"".Direktør for FYNSK ERHVERV har ikke meget tilovers for kønskvoter. Til gengæld tror hun, at ligestillingen kommer af sig selv.";NORMAL
... Og de holder stadig, skulle vi hilse og sige:????;NORMAL
’Mariams’ far kunne finde på at slå hende, hvis batteriet på hendes mobil var under 60 procent - for hvem havde hun så snakket med?Geetisk Råd har besøgt et krisecenter for unge med anden etnisk baggrund.;NORMAL
”Lækkermås, jeg vil se dig nøgen i min seng.”Nogen har oprettet en falsk Tinder-profil i underviseren Martins navn, så det ser ud som om, han sender frække beskeder til sine elever.;NORMAL
15 procent af danskerne har én eller flere tatoveringer. Én af dem er Louise Kofod, der i dag fik tilføjet endnu en til samlingen hos Sinners Inc i Aarhus, Denmark.Lad os også se din tatovering, og høre hvorfor du fik den.;NORMAL
15-årige Mikkel fra Givskud døde i 2011, fordi lægerne var for længe om at reagere på Mikkels symptomer på meningitis. Lær mere om symptomerne på sygdommen.;NORMAL
38 skeletter fra middelalderen i baghaven :o #HistorienOmDanmark Moesgaard Museum;TEMA
55 konfirmander fra Holstebro har været på pilgrimsrejse til Israel. Ateist, Danny Krog, fra Holstebro, kalder turen for 'lokkemad' og 'PR' – for at skaffe flere medlemmer til folkekirken.Præst Erik Ladegaard fra Holstebro kalder turen 'medlemspleje' for døbte børn, der allerede er medlemmer af folkekirken.Læs mere her: http://dr.dk/l/30H;NORMAL
7. podcast-episode om dobbeltmordet på Peter Bangs Vej ligger og venter på dig!Denne episode er lidt speciel. Der findes enormt mange teorier om dobbeltmordet, og vi har derfor samlet 9 af de helt store teorier.;NORMAL
700.000 kroner af sted til Store-Roberts skulpturer i Tørskind Grusgrav.;NORMAL
Afstemningen baner vej for godkendelsen af den meget konservative dommer Neil Gorsuch som ny højesteretsdommer.;NORMAL
Aftenens udgave af 'Flashback' står i chiliens tegn, når blandt andre Youtuberen Rasmus Brohave kigger forbi. Du kan se med klokken 20.00 i aften.;NORMAL
"Akuttelefonen 1813 i Region Hovedstaden oplever flere ""utilsigtede hændelser"" end lægevagterne i resten af landet.";NORMAL
Alle netbutikker i Danmark bør samles, så man kan modstå den voksende netgigant Amazon, mener Dansk Supermarked.;NORMAL
Alt har forandret sig, efter USA har gennemført et luftangreb mod en syrisk militærbase.Men betyder det, at Trump vil have at Assad går af? Steffen Gram kommer med sin analyse her ??;NORMAL
Amerikanske styrker har her tidlig morgen - dansk tid - affyret 59 Tomahawk-krydsermissiler mod en syrisk luftbase nær byen Homs i Syrien.;NORMAL
Anetts mormor betalte for to telefoner og et bredbånd i tre år uden at vide det. Men reelt brugte hun kun én telefon.Der var ikke meget hjælp at komme efter hos Telenors kundeservice.;NORMAL
Angrebet i Stockholm får endnu engang Københavns Kommune til at genoverveje sikkerheden rundt om i byen.;NORMAL
Anklageren skal bevise en sammenhæng mellem manden i lejligheden og bomben i kælderen.;NORMAL
Anlægget kan omdanne vindenergi til gas, der herefter kan blive lagret.;NORMAL
Antallet af tobaksrelaterede dødsfald verden over er steget med fem procent siden 1990.;NORMAL
Arkæolog Michael Thorsen fra Bornholms Museum skifter tit kalkerpapir, sandposer og vand ud med kamera og pc i jagten på bornholmske helleristninger.Den nye teknik har allerede afsløret i hvert fald syv nye helleristninger alene på Madsebakke - og han tør godt love, at 3D-teknikken vil afsløre flere i de kommende år.#endelafhistorien;TEMA
At forhindre Neil Gorsuch som ny højesteretsdommer i USA ligger senator Jeff Merkley så meget på sinde, at han talte mere end 15 stive timer i træk.;NORMAL
Av ??;NORMAL
Badminton er blevet populært igen - det oplever man bl.a. hos Skanderborg HI Badminton.;NORMAL
Bageren var for en stund tilbage i målet for Viborg HKFem år efter sit karrierestop gav den 34 årige mor til tre en hjælpende hånd og fod til det skrantende hold.Primo Tours ligaenRettelse: Louise Bager Due arbejder i dag som pædagog i en daginstitution i Viborg, og ikke som skrevet i slutningen af vidoen.;NORMAL
"Bare rolig - det er bare en aprilsnar.Men måske er ord som ""bjørnetjeneste"" og ""forfordele"" på vej ud?";NORMAL
Bedste venner og bandmedlemmer. Hvordan tackler SAVEUS det?;NORMAL
Bestyrelsen foreslår formand Vibeke Møller Jensen som ny spidskandidat for Venstre på Bornholm.;NORMAL
Birthe Kjær i 'Danske hitmagere' kl. 14 ??;NORMAL
Blev Bornholm glemt i 1945?Nu har du mulighed for at se eller gense dokumentaren 'Den glemte befrielse  - Da russerne indtog Bornholm' i aften kl. 22.00.;NORMAL
Bliver mordet opklaret?Mads og Julie har færdiggjort det sidste afsnit af 'Dobbeltmordet'. Lyt her.;NORMAL
Bob Dylan...I aften viser vi Todd Haynes' noget anderledes biopic om den amerikanske sangskriver og musiker. Hvilken biografisk film synes du er den mest vellykkede?;NORMAL
Bookmakernes X Factor-favorit vandt ikke ét eneste liveshow.Hvem var din favorit?;NORMAL
Bornholmerne har til alle tider bidraget til at gøre jorden frugtbar - først direkte, siden kom dasset, så porcelæns-indretningen med vand, som vi kender den i dag - og inden længe kan vi blive betjent af et robot-wc.Men udviklingen slår alligevel ikke altid stenalderens aftrædelsesplads...#endelafhistorien;TEMA
BREAKING: Ifølge svensk TV er tre personer blevet dræbt ved en lastbilpåkørsel i Stockholm. Følg situationen her.;NORMAL
BREAKING: Tre meldes dræbt, ifølge medier. #StockholmAttack;NORMAL
"Brian Mikkelsen og Pia Kjærsgaard er gæster i aftenens udgave af Quizzen med Signe Molde, hvor det helt store spørgsmål er: ""Hvor store nosser har Pia egentlig?"" Se med kl. 21:30 på DR2.";NORMAL
Bruger du alt for mange penge på hårlak og den slags produkter?Så kan du måske spare lidt med disse gamle husråd fra 60'erne :D;TEMA
Bubber er blandt gæsterne i morgen aften, når vi igen viser underholdningsprogrammet 'Flashback'. Bubber er til bryllup og under en tale skal han være en del af en rytmisk leg, hvilket ikke just er noget for den glade tv-vært. Se hvordan det ender i morgen aften klokken 20.00;NORMAL
Både Aabenraa og Esbjerg er med på top fem over byer, der har flest tilladelser per indbygger.;NORMAL
Carl Holst har fuld opbakning fra sin kreds, som gerne ser ham valgt som folketingskandidat.;NORMAL
Chili Klaus er gæst i aftenens udgave af 'Flashback' og selvfølgelig handler det om chili.. Skal du se med klokken 20.00?;NORMAL
Copenhagen Airport (CPH) har et gåseproblem. Det stigende antal bramgæs, der trækker gennem Danmark, er nemlig farlige for flytrafikken. Gæssene er så store, at de kan ødelægge en flymotor.;NORMAL
Da bedemand Karl Erik Pedersen skulle begrave en mand, der altid havde interesseret sig for bæredygtighed, fik han idé.- Det var startskuddet til at finde kurvekister, fortæller Karl Erik Pedersen, der har begravelsesforretninger i Ringsted, Faxe, Haslev og Skælskør. Her viser han en lille model frem. Kurvekisterne får han fra England, hvor de bliver lavet af pileflet.;NORMAL
Dagens bedste nyhed! ????;NORMAL
Danmark halter bagefter i det arktiske kapløb, mens Norge er meget bedre til at gøre deres interesser gældende.Det skyldes, at de danske politikere er for berøringsangste over for Grønland, lyder kritikken fra tidl. udenrigsminister Martin Lidegaard.Se hele Deadline - DR-interviewet på DRTV.;NORMAL
Danmarks hovedstad hedder i dag København, men går man tilbage til vikingetiden, kunne valget lige så godt være faldet på Aggersborg. Harald Blåtand havde nemlig et særdeles godt øje til stedet! #HistorienOmDanmark;TEMA
"Danmarks ældste menneske var en fynbo - og nu viser DNA-analyser, at Koelbjergkvinden var en mand! I går blev første afsnit af den nye ""Historien om Danmark"" sendt. Så du med?";TEMA
Dansk Folkeparti accepterer miljø- og fødevareministerens undskyldning.;NORMAL
De dyreste frø til køkkenhaven koster 14 gange så meget som de billigste, men spirer ikke nødvendigvis bedst.;NORMAL
De første turister forventes at blive opsendt allerede i 2018.;NORMAL
De har været i Tyskland, Tanzania, Australien, Indonesien, Kina, Mexico, USA og Spanien, DGI Verdensholdet - og i aften er de i Trekantområdet :-);NORMAL
De her skønne kvinder mangler nogle flere mænd i deres liv. Kom frisk :-)Aabenraa Kommune vil gerne have flere seniorer i idrætsforeningerne. Kommunen er derfor med i projektet 'Bevæg dig for Livet - Senior'. Her er vi hos Aabenraa Senior-idræt, som altså gerne vil have flere mænd op af stolene..;NORMAL
De nye radikale toner skal ses som et første lille skridt på vejen mod en mulig løsrivelse fra 25 års fast forhold med Socialdemokratiet, siger Sofie Carsten Nielsen.;NORMAL
De 'Rigtige mænd - Det nye hold' er mænd og skal have det enkelt, lyder det drilsk fra træner Jacob Søndergaard. Derfor stiller han kun tre enkle krav til dem i jagten på et sundere liv.;NORMAL
De risikerer at få sat deres ydelse ned.;NORMAL
De russiske myndigheder jagter to personer, der mistænkes for at stå bag dagens bombeangreb i Sankt Petersborg.;NORMAL
De sad på café i Skt. Petersborg, da bomben sprang få hundrede meter væk. Så gik de - en russisklærer fra Holstebro Gymnasium og HF og hendes mand - tættere på og blev overraskede. Hør deres historie her. ??;NORMAL
De ville have erobret verden med deres elbil. Men så godt gik det ikke for en lille flok danske pionerer.- Elbilen var et kæmpe flop, lød dommen fra flere aviser, efter en testkører kørte galt med bilen foran verdenspressen i 1983.;NORMAL
Den ene plade chokolade har taget den anden pose chips for 40-årige Flemming fra Skanderborg.Han har taget halvandet kilo på om året de sidste ti år og er nu en af de fem nye Rigtige mænd - DR, som du kan følge fra på onsdag.;NORMAL
Den er god nok. Det var et kæmpe næsehorn, du så blive kørt igennem Aarhus, Denmark tidligere i dag. ??????Naturhistorisk Museum vækker nemlig en række 12.000 år gamle dyr til ”live” i udstillingen ’Istidens Kæmper’, og i dag blev et de største af dem midlertidigt flyttet ned på Dokk1.;NORMAL
Den frie, stærke vikingekvinde er en myte, men hun kunne sagtens gifte sig igen med sin afdøde mands bror, fortæller arkæolog.;TEMA
Den færdige skræmmende scene var med i sidste uges #HistorienOmDanmark på DR1.Men bag kameraet er skuespillerne knaaapt så så skrækindjagende :,);TEMA
Den gamle hankat kan endnu ??????????????? #fynskkultur;NORMAL
Den russiske oligark har set sig lun på Dong Energys olie- og gasforretning.;NORMAL
Den russiske præsident Vladimir Putin siger, at alle teorier bliver efterforsket - også terror.;NORMAL
Den røde racer 'Rosa' bliver de Rigtige mænd - DRs trofaste følgesvend. Følg det nye hold fra i aften klokken 20.00;NORMAL
Den svenske kronprinsesse Victoria var dybt berørt, da hun var forbi for at lægge blomster tidligere i dag.;NORMAL
Der blev drømt stort i omklædningsrummet, da Vendsyssel FF i aftes sikrede sig en historisk plads i DBU Pokalens semfinale. Nu er de kun et skridt fra en pokalfinale i Parken og måske et internationalt eventyr!;NORMAL
Der er fuld bling bling for alle pengene.??;NORMAL
Der er gode kærlighedstips til din weekend fra de her skønne damer! ????;NORMAL
Der er masser af gode råd at hente i aftenens udgave af 'Spis og spar', hvor kokken Jesper Vollmer laver tapas ud af resterne fra køleskabet. Du kan se med klokken 20.00;NORMAL
Der er masser af gode råd at hente i aftenens udgave af 'Spis og spar', hvor kokken Jesper Vollmer laver tapas ud af resterne fra køleskabet. Du kan se med klokken 20.00;NORMAL
Der er meldinger om 9 dræbte og 20 sårede.OPDATERING: Den russiske statsanklager har oplyst, at det er uvist, om der er tale om terror, og at det er for tidligt at sige noget om årsagen.;NORMAL
Der er meldinger om dræbte og sårede efter eksplosion i Sankt Petersborg, skriver nyhedsbureauet Reuters og russiske medier.;NORMAL
Der er meldinger om dræbte og sårede.;NORMAL
Der er meldinger om tilskadekomne.;NORMAL
Der er måske hjælp på vej til de millioner af mennesker verden over, der ikke har adgang til rent drikkevand. Britiske forskere har nemlig opfundet en si af nanomaterialet grafen, som gør det muligt at udskille salt fra havvand, så det er lige til at drikke. Professor i Mikro- og Nanoteknologi Peter Bøggild, der selv forsker i grafen, er begejstret for opfindelsen. Hør hvad han sagde i DR2 Dagen i dag.;NORMAL
Der er omvendt jobmesse i Hedensted i dag. Du kan møde Pia Albrechtslund, der kan bage kager.;NORMAL
Der er sket meget siden Stenalderen - hvilke fordele og ja, bagdele :,-) ser du ved toiletforholdene før og nu? ?? #HistorienOmDanmark;TEMA
Der er sket meget siden Stenalderen - men hvad var og er fordele og ja, bagdele, dengang og nu? ?? #HistorienOmDanmark;TEMA
"Der er tryk på kørerskolerne som aldrig før, fordi 17-årige nu må tage kørerkort. Vi har været med i vognen her til morgen.... Her på redaktionen har en ""misset"" en fodgænger til køreprøven. En anden havde en motorsagkyndig, der faldt i søvn undervejs... Anekdoterne flyver, når snakken falder på dengang, vi tog kørekort :-D";NORMAL
Der ikke er tale om velgørenhed, når Dansk Supermarked i Højbjerg giver flygtninge og indvandrere en chance for at få et arbejdeMålet er nemlig at skaffe ny arbejdskraft i en tid, hvor arbejdsløsheden er faldende.;NORMAL
Der skal gøres op med regler og proceskrav, der stjæler offentligt ansattes tid.;NORMAL
Der sker ting og sager i din formiddagsradio fra maj. Her får Formiddag på 4'erens rutinerede vært Kasper Harbo nemlig nyt, kvindeligt selskab - Julie Berthels;NORMAL
Der var blandt andet chili og bryllup på programmet, da Bubber, Rasmus Brohave og Chili-Klaus gæstede 'Flashback' her til aften.Du kan se eller gense programmet her.;NORMAL
Der var grin, smil og lykønskninger, da OL-sølvvinderen Sara Slott Petersen i dag viste Michael Johnson rundt i Aarhus 1900 Atletik/Motion ??????????;NORMAL
Der var noget fremmed ved den. Sådan var reaktionen hos Lone Johansen, da hun fandt en urokse-knogle i Thy!Søndag aften rullede første afsnit af DR1's nye serie om Danmarkshistorien over skærmen, der handlede om stenalderen. I 9.10.000 en en gammel symbolsk kølle fra en urokse ligget lige for snuden af os i den vestjyske muld. Måske man skulle til at kigge efter gamle fund!Museum Thy;TEMA
Der var også krummer i Karen Blixens moster :D'Historiequizzen' dyster på Rungstedlund i morgen på DR K.;TEMA
Der var respekt til stenalderens håndværkere fra en flok tømrerlærlinge i dag. Lærlingene arbejdede i træ med kopier af hjortetaksøkser, som blev brugt for omkring 6.000 år siden på jernalderbopladsen ved Gårslev :);TEMA
"Det amerikanske forsvarsministerium kalder angrebet for en ""one-off"", altså en engangsfortéelse.";NORMAL
Det blev en kort karriere i kommunalpolitik...;NORMAL
Det bliver en regulær politisk blodtud, som ministeren modtager.;NORMAL
Det bliver nemt at følge med i 'Skam' for de danske fans! ??????;NORMAL
Det bliver Sana!;NORMAL
Det er alt for sent først at gribe ind i skolealderen, hvis tosprogede børn skal løftes, mener børn- og ungechef i Aarhus.;NORMAL
Det er altså smart!Hvis du ikke orker at aflevere dine tomme flasker, kan du få dem afhentet fx. Eva som godt kunne bruge pengene fra de tomme flasker :);NORMAL
Det er blandt andet byggemarkeder, planteskoler og havecentre, der har haft besøg af Miljøstyrelsens Kemikalieinspektion.;NORMAL
Det er en ny udvikling, der bekymrer Institut for Menneskerettigheder.;NORMAL
"Det er et ""overraskende højt tal"", siger speciallæge.";NORMAL
Det er for VIIILLDDDTT. Jeg har aflyst alle mine planer på mandag.??;NORMAL
Det er første gang i Norge, at en person har været tiltalt for at rekruttere til terrororganisationen.;NORMAL
Det er ikke nemt at overleve i stenalderen. Det fandt denne stakkel ud af. Hvordan mon du ville klare dig, hvis du blev sendt tilbage til flintvåben og rensdyrjagt?;TEMA
Det er om at holde tungen lige i munden, når man er til Mobile World Congress. Se aftenens afsnit af So Ein Ding - DR lige nu på DRTV.;NORMAL
Det er politiets klare opfattelse, at den 39-årige sad bag rattet, da lastbilen bragede ind i varehuset Årléns.;NORMAL
Det er populært at lave hold for udviklingshæmmede unge, og i Idrætsforeningen BR66 Langeskov strømmer frivillige til! (Y);NORMAL
Det er uvist, om han er en mulig gerningsmand.;NORMAL
Det er vigtigt at gå til tandlæge, hvis man har tandpine.;NORMAL
Det er virkelig også sjovt ????;NORMAL
Det har været den mest dramatiske sæson af X Factor - DR nogensinde, viser stemmetallene! ??;NORMAL
Det kan betyde, at der vil ske nogle rigtigt voldsomme overfald, lyder det fra arbejdsmiljørepræsentant, Hans Jacob Petersen. Han og de øvrige medarbejdere på Udrejsecenter Kærshovedgård mener, det går ud over sikkerheden, når staben hele tiden bliver skiftet ud.;NORMAL
Det korte svar er: Vi ved det ikke.#endelafhistorien;TEMA
Det krævede velvilje fra både tyr og skuespiller at få de sidste optagelser i hus til afsnittet om stenalderen.#endelafhistorien;TEMA
Det lyder vildt! ????;NORMAL
Det nye byggeri bliver otte meter højere end Herlev Sygehus.;NORMAL
Det nye byggeri på Aarhus Ø bliver 128 meter højt, hvilket er otte meter højere end Herlev Sygehus ????;NORMAL
"Det photoshoppede billede er blevet tilføjet som nummer 4071 på det russiske justitsministeriums lange liste over ""ekstremistiske materialer"".";NORMAL
Det var ikke så almindeligt at være perfekt i vores unge dage.;NORMAL
Det var vi ligeglade med. Bare vi solgte nogle blade.Vi dykker ned i Billed-Bladets gyldne æra  - 1970'erne. Se med første gang onsdag den 19. april kl. 20.30.;NORMAL
Det økologiske landbrug fylder mere og mere i Danmark. Hans Erik Jørgensen er ikke i tvivl om, hvorfor han er økologisk svineavler.;NORMAL
Direktøren hos Bobach Stålentreprise, Helle Bobach, oplever, at udfordringerne er de samme, uanset om man er mand eller kvinde i direktørstolen;NORMAL
"Dokumentarist Nagieb Khaja, Naser Khader (K) og mellemøstkorrespondent Steen Nørskov diskuterer i Ugens Gæst på P1 situationen i Syrien, hvor Trump har gennemført et luftangreb for at sætte en stopper for ""blodsudgydelser"" i landet.Har du et spørgsmål, kan du stille det i kommentarfeltet ?? eller ringe 70 21 19 19 ?";NORMAL
Donald J. Trump er bekymret for Nordkoreas udvikling af atomvåben.;NORMAL
Donald J. Trump har gjort alvor af sine trusler.;NORMAL
"Donald J. Trump opfordrer ""alle civiliserede nationer"" til at hjælpe med at stoppe de syriske blodsudgydelser.";NORMAL
DR1 har i aften premiere på 'De unge brugtvognsforhandlere' klokken 20.30.Brugtvognsforhandlere har et lidt blakket ry, men hvordan har du det egentlig med dem?????;NORMAL
DR1 søger mænd, kvinder og børn til optagelser i maj.;TEMA
Drengen er heldigvis i god behold.;NORMAL
Drengen er i bedring nu.;NORMAL
Du er sulten og alene og befinder dig på en strand - i stenalderen. Klarer du den? Prøv testen her :-)Som du måske så i 'Historien om Danmark' på DR1 i aftes, så var stenalderen en hård tid at leve i.;TEMA
Du kan for eksempel investere i mælk fra køer på græs.;NORMAL
Du kan stadig nå at blive klar til sæsonafslutningen af Homeland Det næstesidste afsnit ligger klar til din weekend lige her:;NORMAL
Du kommer cyklende ud ad en landevej. Og BUM. Så bliver du løbet ned af et rådyr.;NORMAL
'Du skal bare træf a gaf', siger Julle om hemmeligheden bag ringridning, som han er 'rimelig god til'.Om sønderjyden fra Ravsted også er rimelig god til at droppe frikadellerne og de tyske dåsebajere, får vi at vide i den nye sæson af Rigtige mænd - DR, som begynder i aften på DR1.;NORMAL
Du vil være en god forældre, en lovlydig borger og passe bedst muligt på andres børn. Det her er dit dilemma:Du skal have tre børn med i bilen. Den ene er dit eget. De to andre er venner. Du har én autostol med ryglæn og selepude uden. (Det er ulvetime, alle er sultne og én græder) Alle børn er under 1,35 meter høje. Dog er ingen under tre år. De skal transporteres hjem til dig...P4 kommer dig til undsætning:;NORMAL
Du, Allan, giver du en pølse?I 1977 blev Allan Simonsen kåret til Europas bedste fodboldspiller, og han var stærkt medvirkende til, at det danske landshold fik sit internationale gennembrud i begyndelsen af 1980'erne. I aften kl. 20.30 kan du se eller gense portrætprogrammet 'Vild med Allan'.;NORMAL
Dumdristige trafikanter eller farligt kryds. Døm selv.;NORMAL
"Dyrker dine børn stadig sport - trods længere skoledage?Ifølge Danmarks Idrætsforbund holder ""dommedagsprofetierne  om, at skolereformen ville ødelægge foreningsidrætten, ikke stik.""";NORMAL
Dødstallet stiger, efter en by i Idlib-provinsen i Syrien i går blev udsat for et giftangreb.(Personerne i videoen her er overlevende fra giftgasangrebet).;NORMAL
Efter afskeden som landstræner undgik Morten Olsen fodbold. Han var blevet træt af spillet.;NORMAL
Efter en stribe historier om fejl hos Akuttelefonen 1813 sætter sundhedsministeren nu en stor undersøgelse igang.;NORMAL
Egentlig var projektet med en bioethanolfabrik skinlagt. Men udsigt til 1,2 milliarder kroner fra en udenlandsk investor har genoplivet Maabjerg Energy Centers bioethanoleventyr. Om tre år kan fabrikken være en realitet - og have skabt 1000 arbejdspladser i det vesjyske.;NORMAL
Elton John og Gordon Ramsey er blandt de 63 personer, som mener, at deres telefoner er blevet aflyttet. ??;NORMAL
En flok erfarne kvinder giver en håndfuld gode råd om dating og kærlighed. God weekend :);NORMAL
En gang var det et hul i jorden. I dag er det lidt noget andet. Men der fordele ved dem begge to :,)#HistorienOmDanmark;TEMA
En god nyhed at gå på weekend til ?;NORMAL
En lastbil er kørt ind i personer på Drottninggatan i Stockholm, og der er tilsyneladende tilskadekomne.;NORMAL
En lastbil har påkørt flere personer på en central shoppinggade i Stockholm. Følg udviklingen på dr.dk her:;NORMAL
En ny bydel opstår i Herning midtby, når Region Midtjylland i 2020 flytter Regionshospitalet Herning til til nye hospital DNV-Gødstrup. - Det er positivt, spændende og en helt unik mulighed for at udvikle byen, siger borgmester Lars Krarup fra Herning Kommune.;NORMAL
En person er angiveligt blevet anholdt.Følg udviklingen i Sverige minut for minut her:;NORMAL
En protest, et opråb og et lilletrommeslag, der ændrede musikhistorien for altid. Bob Dylan er et rockgeni! ????;NORMAL
En sten med helleristninger, som Bornholms Museum har fundet ved Vasagård syd for Åkirkeby, har betydet, at danmarkshistorien er blevet skrevet om. Hidtil har der stået bronzealder på helleristningerne - nu kan der pludselig lægges 1.000 år til, for de ældste helleristninger er fra bondestenalderen.Og det er foreløbig kun på Bornholm, det med sikkerhed er lykkedes at bevise, at de ældste helleristninger er fra bondestenalderen, der varede frem til 1700 før Kristus.#endelafhistorien;TEMA
En stenblok med ti lodrette linjer hieroglyffer er blandt fundene i en oldgammel pyramide syd for Kairo.;TEMA
En stor aktion mod narkohandlere har ført til flere anholdelser i rockermiljøet.;NORMAL
En vaskeægte 'hønsetyv' udstyret med en peberspray var i nat på spil i Nordjylland! Heldigvis slap han ikke godt afsted med sit foretagende. Få hele historien her: #PåMedLyden 8-|;NORMAL
Endelig kan vi afsløre det! Formiddag på 4'erens nye vært er: JULIE BERTHELSEN;NORMAL
Endelig kan vi afsløre det! Formiddag på 4'erens nye vært er: JULIE BERTHELSEN;NORMAL
Endelig kan vi afsløre det! Formiddag på 4'erens nye vært er: Julie Berthelsen. ??;NORMAL
ENDELIG!!! ??????;NORMAL
Energiselskaber fra næsten alle EU-lande lover at følge Paris-aftalens anbefalinger og stoppe opførelsen af nye kulkraftværker.;NORMAL
Engang var de i hver en by. Nu er der meget få tilbage.Vi har undersøgt, hvordan det går med posthusene i hovedstaden.Og det har vi fordi vores lytter Annie bad os om det.Har du noget du vil have undersøgt - så send os en mail på hovedstaden@dr.dk#HørHovedstaden;NORMAL
"Er der brug for mere sammenhæng mellem de forskellige dele af det offentlige?Det mener regeringen, der er klar med en ""sammenhængsreform.""";NORMAL
Er det for dyrt at gå til tandlægen? Ja, siger professor Palle Holmstrup fra Tandlægeskolen.;NORMAL
Er det for dyrt at gå til tandlægen?Ja = ??Nej = :(;NORMAL
Er det her en smart idé? ??;NORMAL
Er det i orden at holde sit barn hjemme fra skole, når børnene skal testes i de nationale test? Det mener Jeppe Søe, der holdt sin søn hjemme, da eleverne i 2. klasse på Nørholm Skole forleden skulle testes.;NORMAL
Er det i orden at holde sit barn hjemme fra skole, når børnene skal testes i den nationale test?;NORMAL
Er det også altid de gule vingummier, der ligger tilbage i jeres slikskål?????;NORMAL
Er det ok, at din læge spørger ind til dine ryge- og drikkevaner, når du alligevel er mødt op til en konsultation?;NORMAL
Er du enig i Folketingets beslutning om at fjerne det obligatoriske helbredstjek af ældre bilister?;NORMAL
Er du enig med Haifaa Awad? (Via Debatten - DR);NORMAL
Er du klar til at en omgang gåsehud?Mattias Kolstrup fra skivebandet Dúné synger Gasolins 'Masser af succes' sammen med DR PigeKoret.;NORMAL
Er du klar til lidt Shakespeare romantik?I aften viser vi klassikeren 'Romeo og Julie sat op som ballet på det Det Kongelige Teater.;NORMAL
Er du ridderen på den hvide hest? Eller konge af stenalderen? Fortæl os hvilken del af historien du gerne ville have oplevet på egen krop.Skuespiller Lars Mikkelsen, der har været igennem hele historien på seernes vegne, ville gerne have levet i oplysningstiden – hvis han var blandt de rige altså..?? #HistorienOmDanmark;TEMA
Er du tilfreds med programmet?;NORMAL
Er du tilfreds med årets program?I dag er bandet The XX filføjet til toppen af plakaten ved siden af navne som The Weeknd, Foo Fighters, The Arcade Fire og Justice.;NORMAL
Er du træt af løse hunde? Så er der godt nyt.;NORMAL
Er du tynget af pligter? Kasper Harboe har lært at elske dem.;NORMAL
Er du tynget af pligter? Kasper Harboe har lært at elske dem.;NORMAL
Er du tynget af pligter? Kasper Harboe har lært at elske dem. :);NORMAL
Er I aktive i en idrætsforening hjemme hos jer? ????Frygten for, at længere skoledage ville stjæle medlemmer fra idrætsforeningerne, har vist sig ikke at holde stik.;NORMAL
Er løsningen på kriminalitet en strammere retspolitik? Søren Pape Poulsen var i Deadline - DR for at snakke om straf og kriminalitet.;NORMAL
Er manus beskidt???;NORMAL
Esbjerg ENERGY kom rigtig godt fra start i DM-finalen.3-2 vandt holdet hjemme over Gentofte.;NORMAL
Et af børnene er hårdt kvæstet.;NORMAL
Et af de sikre forårs- og ikke mindst påsketegn, er påskelammene. Og dem kan man opleve flere steder i hovedstadsområdet netop nu.Skal du ud og klappe de små? ??;NORMAL
Et kroophold i Skagerak eller en tur til Irak?Flere og flere unge pjækker fra session. Derfor kommer der nu nye og attraktive lodder i Forsvarets tombola.Via P3 - DR;NORMAL
Et vigtigt skridt i jagten på liv på en anden planet.;NORMAL
Facebook vil i mange tilfælde deaktivere profiler og konti, hvis den slags indhold er blevet delt.;NORMAL
Faktisk skyder vi langt forbi.;NORMAL
Falske nyheder skal bekæmpes med god journalistik, lød det i dag på en konference i København. I Rusland forsøger netmediet The Insider at rette den misinformation, der kommer fra styret. Det fortalte redaktøren Roman Dobrokhotov i DR2 Dagen:;NORMAL
Fangede du ikke første afsnit af 'Historien om Danmark' i flimmerkassen i går, kan du streame den på DRtv lige her:#endelafhistorien;TEMA
Farlig røg i Hedensted. Gå indendøre. Luk døre og vinduer og sluk for ventilationsanlæg, og følg på DR eller TV2.;NORMAL
Farvandene omkring Danmark har de bedste betingelser i verden for at finde fund fra fortiden.;TEMA
Fem strippere på stribe, to drag queens og en ork på stylter står klar til at gelejde rundt;NORMAL
Festersen banker OB op på andenpladsen i puljen og OB vinder 3-0 over Esbjerg! Kan der skimtes europæisk i næste sæson? ??;NORMAL
"Fik du også morgenkaffen galt i halsen, da der pludselig blev talt tysk i din radio? Der var en mening med galskaben. ?? Vi leger: Hvad nu hvis et flertal havde stemt tysk i 1920? Så ville Sønderjylland have en tysk radio. Os nord for kongeåen ville selvfølgelig være ""sluppet"". #HistorienOmDanmark";TEMA
Filmen handler om en af det 20. århundredes største masseflugter - dagene omkring den 10. maj 1940, hvor tyskernes invasion af Frankrig fordrev otte mio. mennesker fra deres hjem.;TEMA
Finansminister Kristian Jensen erkender, at han ikke kan samle flertal for regeringens boligskatteudspil. Han vil nu arbejde på en ny plan.;NORMAL
Fire drenge fra Ry bliver tiltalt for særdeles farlig vold, men anklagemyndigheden går ikke efter dom for drabsforsøg.;NORMAL
Fire døde, 15 såret.- I kan ikke kue os, I kan ikke styre vores liv, I kommer aldrig nogensinde til at vinde.;NORMAL
Flere danskere risikerer at miste deres penge.;NORMAL
Flere medier har takket nej til at vise Jan Grarups krigsbilleder af døde børn og folk med afskudte hoveder.Er det den rigtige beslutning? Eller er billederne en nødvendighed for at forstå, hvad der foregår?;NORMAL
Flere og flere landmænd omlægger til økologi. Især i Nordjylland.;NORMAL
FN og Dansk Flygtningehjælp håber, at en konference i Bruxelles kan skaffe hjælp til Syrien.;NORMAL
For 1500 år siden var Lejre tæt på at blive Danmarks hovedstad. Men så kom Harald Blåtand, og han ville gøre danskerne kristne fremfor hedninge. Derfor blev Lejre, droppet som hovedstad til fordel for det kommende København.;TEMA
Forestil dig at blive tortureret og derefter blive tvunget til at torturere og dræbe andre!Thure tager til Uganda og møder tidligere børnesoldater, der som børn blev bortført af guerillahæren The Lord's Resistance Army.;NORMAL
Forfatter Hanne Vibeke-Holst fik i dag overrakt Ordkraft-prisen for sin evne til at fortælle den gode historie, for et stort samfundsengagement og for sit alsidige arbejde med romaner, noveller, essays, børnebøger, manuskripter, teaterstykker og mere til. Tillykke!;NORMAL
Forsvarsadvokat i Ry-sagen har i dag fået besked om, at retssagen begynder 18. april.;NORMAL
Forsvarsadvokaterne har bedt Retten i Horsens om forlænget varetægtsfængsling.;NORMAL
Foråret er havetid, men også øm i kroppen og sår på fingrene tid. Vi jagter dine ømme forårsfornemmelser //Thomas & Christina, hvis klatreroser har sat sine mærker på hænder og arme :-);NORMAL
Fra på mandag er Sønderborg Slot - Museum Sønderjylland klar med et nyt udfordrende rollespil, der går ud på at befri Christian 2., der sidder fanget på Sønderborg Slot i 1533. Der skal både knækkes koder, findes nøgler og åbnes skjulte rum. ??  Projektet er en del af DR's historiesatsning 'Historien om Danmark'.;TEMA
Fra visdom og ro til oprør til hip hipster - skægget har gennem tiden signaleret lidt af hvert.;TEMA
Frem med solcremen ?;NORMAL
Frygten for, at længere skoledage ville stjæle medlemmer fra idrætsforeningerne, har vist sig ikke at holde stik, siger DIF.;NORMAL
"Fuck dig, ""Grimme luder"", ""Dumme svin"".Oplever du, at tonen sommetider er for hård på Facebook?";NORMAL
Fuck dig, din luder!En gruppe elever fra 1.g på Hasseris Gymnasium & IB World School råbte skældsord til hinanden på gaden midt i Aalborg i dag.Heldigvis havde de grimme ord et formål.;NORMAL
Færre køer i stalden og nyt lys i loftet. Torsten Wetche er økologisk landmand og har sin helt egen klimahandlingsplan for at nedbringe CO2-udslippet fra sit landbrug. ??;NORMAL
Følg situationen her!;NORMAL
Følg situationen her.;NORMAL
Følg situationen her.;NORMAL
Få hele historien om el-bilen Hope Whisper, der kom til verden på den gamle tommestok-fabrik i Als ved Hadsund og endte sine dage med et ordentligt brag! ????;NORMAL
Galt eller genialt?;NORMAL
Gerningsmanden bag det blodige angreb i Sankt Petersborg er angiveligt identificeret.;NORMAL
Giftangrebet i Syrien har foreløbig kostet 72 mennesker livet - heraf mindst 20 børn. Og netop dette angreb har medført kraftig fordømmelse fra verdenssamfundet - selv om krigens love er blevet brudt masser af gange i den syriske borgerkrig. Seniorforsker Helle Malmvig gav et bud på en forklaring i DR2 Dagen.;NORMAL
Gjorde Trump det rigtige, da han i nat angreb Assads luftvåben efter seks års borgerkrig?Se med kl. 20.00, når vi sender en ekstra omgang Debatten - DR om angrebet i Syrien.;NORMAL
Glæder du dig også? ??;NORMAL
God weekend fra verdens sejeste Kylling! ???? #børnetime;NORMAL
Godt nyt: Færre unge kommer alvorligt tilskade i trafikken. En af dem, der holder foredrag for at advare unge om fart er 33-årige Daniel Bartels Borup. Et sving en novemberdag tilbage i 2001 har nemlig for altid ændret hans liv.;NORMAL
Greve Christian Ahlefeldt-Laurvig-Lehn fra Hvidkilde Gods har besluttet at give godset videre til sin søn, og det ser ud til at være rigtig god timing.;NORMAL
Gør hjælpsom teknologi os dovne og stjæler færdigheder fra os?;NORMAL
Gaaaaab, hvor er det kedeligt!Sådan er der sikkert nogle skoleelever, der tænker, når der står fysik, kemi, biologi eller matematik på skoleskemaet. Men i Herning Kommune vil en del af undervisningen nu flytte ud på nogle af egnens virksomheder. I dag var skolelærerne derfor på virksomhedssafari for at kickstarte samarbejdet mellem folkeskole og virksomheder - bl.a. hos Vildbjerg Tekniske Værker.;NORMAL
Han blev erklæret død i halvandet minut, før redningsfolk fik gang i hjertet igen.;NORMAL
Han er tilbage! :);NORMAL
Han er under overvågning, for han har fået et gult kort, lyder det fra Dansk Folkepartis gruppeformand, Kristian Thulesen Dahl. Efter et gigantisk stormvejr får den vestjyske miljø- og fødevareminister altså lov til at blive siddende på taburetten.;NORMAL
Han frygter, at USA kun har gennemført et modangreb for ikke at tabe ansigt.;NORMAL
Han stillede sig instinktivt foran lastbilen for at hindre den i at køre væk.;NORMAL
Hans far spørger nu: Hvorfor blev min søn sendt hjem fra hospitalet?;NORMAL
Hans Petersen og Mathias Baadsgaard-Lund døde begge af smitsom meningitis, efter at sundhedsvæsnet fejlede i behandlingen af dem. Nu kæmper drengenes forældre for, at fejlene ikke gentager sig.;NORMAL
Har du eller dit barn også gjort det?;NORMAL
Har du en bestemt begivenhed eller detalje i dit liv, som har sendt dig i en helt anden retning, end du havde regnet med? Så vil vi meget gerne høre fra dig her på DR P4 Nordjylland. Skriv i kommentarfeltet eller send os en mail på nord@dr.dk.;NORMAL
Har du haft besøg af velvillige, udenlandske håndværkere, som lynhurtigt kan reparere diverse småting på dit hus - for meget små penge?;NORMAL
Har du jævnligt ondt i maven? Op mod 1 million danskere har ofte ondt i maven, og derfor har vi sat os for at finde ud af, hvordan tarmene egentlig fungerer. Og hvad der gør dem syge i denne uges temalørdag.Se med på lørdag, når vi holder Tarmlørdag på DR 2 fra kl.20.00.;NORMAL
Har du også så travlt, at det er svært at nå at spise? Så har vi løsningen til dig!SKÆGPESTO er en lækker snack til dem der er på farten. Og den nyeste trend inden for mandepleje!;NORMAL
Har du prøvet at være kastebold i sundhedssystemet?OUH Odense Universitetshospital - Svendborg Sygehus har forsøgt sig med at tilknytte en fast læge til kræftpatienter. Nu vil Danske Regioner udbrede modellen til resten af landet.;NORMAL
Har du styr på de danske søhelte?Det sidste afsnit af 'Sømand af verden' sætter fokus på den danske krigsførelse til søs. Se med i aften kl. 20.30.;NORMAL
Har du styr på udluftningen?;NORMAL
Har du tænkt over, hvor de dyreste godser ligger i landet? Nu kan du se nærmere på, hvem der ejer godserne, og hvad de er vurderet til. Bregentved Gods i Haslev indtager for eksempel førstepladsen med en værdi på 951 millioner kroner.;NORMAL
"Hele ugen kan skoleelever blive kloge på ""Historien om Danmark"" ved hjælp af virtual reality-briller og historiske begivenheder på greenscreen. Mandag besøgte eleverne Nyborg Slot.";TEMA
Hillary Clinton har brugt lang tid på at fordøje, at 53 procent af de hvide kvinder i USA stemte på Donald Trump.;NORMAL
'Historien om Danmark' med Lars Mikkelsen som vært, søger statister til at spille afrikanske slaver på et skib. Er det noget for dig, så kan du læse mere her.;TEMA
Hjerneforskeren stiller op for Konservative.;NORMAL
HJÆLP OS MED AT LAVE EN GUIDE: Hvis vi skulle vise et stort statsoverhoved rundt i Nordjylland - hvor ville du så tage ham eller hende med hen? ?;NORMAL
Holdet bag ’Historien om Danmark’ måtte tage kampen op med det islandske landskab for at få istids-scenerne i hus.;TEMA
Hr. og fru Sønderborg Sommer Revy - Leif og Johnna Maibom - præsenterede i dag revyens kommende direktører. Det bliver ægteparret Jeanne Boel og Klaus Kristensen. ??;NORMAL
Hun kom med et dårligt knæ - men på sygehuset, Hospitalsenheden Vest fik hun også et helt andet råd.;NORMAL
Husk en stor madpakke, når du skal i lufthavnen :);NORMAL
Husk solcremen ?;NORMAL
Husker du solcremen?;NORMAL
Hvad er bedst? Den gamle Nokia 3310 eller den nye Nokia 3310?So Ein Ding - DR er taget på konference for at teste, om den nye model kan måle sig med den gamle.Se med torsdag kl. 19.30 eller lige nu på DRTV.;NORMAL
Hvad er din 2025 plan? Du har vel styr på din karriere? Iværksætterne lægger planer for fremtiden.;NORMAL
Hvad er en sanger uden sin stemme? Sydfynske Sebastian Lind røst var pludselig hæs. Nu har han lært at passe på sit vigtigste instrument og vender tilbage med ny single. #fynskkulttur;NORMAL
Hvad gør man, når ens mor, far eller ægtefælle bliver dement og man måske skal overbevise ens nærmeste om, at det er nødvendigt at sige farvel til kørekortet og bilen..?Det dilemma står flere og flere familier i. Har du eller nogen du kender oplevet den situation?;NORMAL
Hvad nu, hvis København ikke var blevet hovedstad? En række lokalhistorikere giver her et bud på, hvilken by i deres område, der kunne være blevet Danmarks by nummer 1.;TEMA
Hvad nu, hvis København ikke var blevet hovedstad? En række lokalhistorikere giver her et bud på, hvilken by i deres område, der kunne være blevet Danmarks by nummer 1.#endelafhistorien;TEMA
Hvad synes du om forslaget?;NORMAL
Hvad synes du om forslaget?;NORMAL
Hvad synes du om programmet?;NORMAL
Hvad synes du om valget?;NORMAL
Hvad synes du om valget? :);NORMAL
Hvad vejer du, sådan helt ærligt? ??(via. DR3);NORMAL
Hvad vejer du? Altså sådan helt ærligt ...I anledning af vores nye program 'Petra elsker sig selv' ser vi på, hvordan man lærer at elske sin krop - uanset hvordan den ser ud, og hvad badevægten viser.;NORMAL
Hvem elsker ikke karamelrand? På tirsdag kan du se første afsnit af 'Spise med Price i København' på, hvor de to brødre blandt andet laver Mormors karamelrand på toppen af Rundetårn. Du kan se med på tirsdag klokken 20.00;NORMAL
Hvem har det ligesom Bamse med foråret? ????;NORMAL
Hvem splittede op og hvem blev sammen efter 'Gift ved første blik' nåede sin ende? Få overblikket her.;NORMAL
Hvem var det - der vandt i dag, det var dem fra Esbjerg af... :-);NORMAL
Hverken Ib Poulsen (DF) eller Simon Kollerup (S) er begejstrede for Esben Lunde Larsens ministerarbejde. Bør de få ham til at trække sig - hvad mener du?;NORMAL
"Hvilke irriterende ord eller vendinger synes du, vi skal udrydde? Vi prøver at slippe af med de værste, inden den store ordfestival ""Ordkraft"" begynder i Aalborg i weekenden.";NORMAL
Hvilken ansigtsmaske bruger Egtvedpigen - og snyder Grauballemanden, når han spiller Wordfeud? :);TEMA
Hvilken Bob Dylan-sang holder du mest af?Radiovært Carsten Holm guider til fem af den koncertaktuelle musikers bedste sange.;NORMAL
Hvilken by ses mon her i midten af 1950'erne?#gæthvor;NORMAL
Hvilken by skulle ha' været Danmarks hovedstad - efter din mening?;NORMAL
Hvilken Kim Larsen-sang er den største klassiker?I dag udkommer den folkekære musikers første album i flere år.;NORMAL
Hvilken periode i Danmarkshistorien ville du gerne besøge?;NORMAL
Hvilken rolle er Ghita Nørbys bedste? Ifølge forfatteren Niels Birger Wamberg har hendes største roller været disse:;NORMAL
Hvilken rolle, synes du, har været Nicholas Cages bedste?I aftenens filmperle spiller han Joe, der har en kriminel fortid og et heftigt temperament. Han gør sit bedste for at holde sig i skindet og undgå problemer - indtil han møder den 15-årige Gary. Se med i aften kl. 21.30.;NORMAL
Hvilket nummer sang du med på foran spejlet? ??;NORMAL
Hvis du har et overvågningskamera derhjemme, så husk altid at få ændret dit password med det samme.;NORMAL
Hvis gutterne fra 'Rigtige mænd - det nye hold' er lige så gode til at træne, som de er til at synge, så kan det kun gå godt. Skal du se med i aften klokken 20.00?;NORMAL
Hvis russerne var blevet på Bornholm i 1946, havde det bornholmske flag nok set anderledes ud.Museumsinspektør Jakob Seerup fra Nationalmuseet har leget lidt med farver i et forsøg på at forestille sig, hvordan et fusioneret sovjettisk og bornholmsk flag kunne have set ud...#endelafhistorien;TEMA
Hvis sommerhuset styrter i havet på grund af kyst-erosion, skal det ikke kunne udløse erstatning, som hvis huset oversvømmes under en stormflod.Begrundelsen fra udvalget er, at man kan forudsige og forberede sig på kyst-erosion, men ikke på en stormflod.;NORMAL
Hvis tyskerne var blevet på Bornholm, dengang øen var pantsat til lybækkerne tilbage i 1500-tallet, havde det lydt noget anderledes, når vi skulle bestille en røget sild i dag.Hvis Printzensköld og hans svenske soldater derimod var blevet i 1600-tallet, havde bornholmsk stort set lydt, som det gør i dag. #endelafhistorien;TEMA
Hvor er det sejt, at du deler din historie med os, Anders! ????;NORMAL
Hvor er det sejt, DR Ultra! ????;NORMAL
Hvor finder man kærligheden?;NORMAL
Hvor kommer du fra? #HistorienOmDanmark er også din historie.;TEMA
Hvor mange penge skal du bruge på din have i år? Det kan let koste en formue at gøre haven grøn og frodig. Fortæl os, hvad det koster dig - og giv os gerne dit allerbedste sparetip ??????;NORMAL
Hvor tit oplever du huller i vejene?I år bruger kommunerne færre penge på at reparere de der irriterende huller.;NORMAL
Hvordan finder man sig selv, hvis ens barndom har været præget af kaos?Performancekunstneren Michael inviterer sin mor ud på et roadtrip for at få svar på en række ubesvarede spørgsmål, der rumsterer i hans hoved.;NORMAL
Hvordan finder man sig selv, hvis ens barndom har været præget af kaos?Performancekunstneren Michael inviterer sin mor ud på et roadtrip for at få svar på en række ubesvarede spørgsmål, der rumsterer i hans hoved. Se DR3-dokumentaren 'Min mor er pink' på DR TV.;NORMAL
Hvordan føles det at miste et barn i trafikken? Ny kampagne vil give fartsyndere dårlig samvittighed.;NORMAL
Hvordan har du det med cover-versioner?Vi kan nu rigtig godt lide Mattias Kolstrup og DR PigeKorets version af 'Masser af succes'. Lyt her.;NORMAL
Hvordan har du det med krimier?I aften kommer den iranske og Oscarvindende 'Sælgeren' under kærlig behandling af Per Juul Carlsen og skuespiller Sara Hjort Ditlevsen. Se med kl. 21.00 i Filmselskabet på DR K.;NORMAL
Hvordan havde livet og troen været på Bornholm, hvis russerne aldrig havde opgivet øen? Det ser vi nærmere på med Danskernes Historie, som den kunne have været... #endelafhistorien;TEMA
Hvordan mon det ville have set ud, hvis moseliget Grauballemanden havde haft en smartphone?Vi har givet et bud :D;TEMA
Hvordan reagerede du?Vi låste redaktionens to største SKAMoholikere inde i studiet før de nåede at se videoen. Her er deres reaktion.;NORMAL
Hvordan skal det danske medielandskab se ud i fremtiden?Kulturminister Mette Bock håber, at almindelige borgere vil hjælpe med at svare på det spørgsmål.;NORMAL
Hvordan var det at leve i stenalderen?Gå på interaktiv opdagelse i en helt almindelig families liv for 6.000 år siden.;TEMA
Hybenbusken er i et sandt stormvejr, og nu bliver den forbudt at sælge. Men den findes stadig i massevis langs den jyske vestkyst. Så midt i buskens shitstorm vil vi gerne overdynge den med en masse kærlighed. Læs mere om forbuddet: http://dr.dk/l/30k;NORMAL
Højrenationalisten Marine Le Pen fik nogle af de største skrammer, da der i aftes var fransk valgdebat.;NORMAL
Håndværkerne er uden for livsfare.;NORMAL
I  intet mindre end 50 år har Savage Rose lavet musik. Det markerer de med en optræden på Roskilde Festival til sommer. Meget er sket, siden Annisette, Anders og Thomas Koppel gav interview i 1968...;NORMAL
I 1964 var hallen i Nyborg fyldt med tilskuere, da badmintonlegenden Erland Kops spillede landskamp mod Sverige. I dag har badmintonsporten fremgang i medlemstallet for første gang i 15 år.;NORMAL
I 1985 bliver 22-årige Will Allen smidt ud hjemmefra, fordi han er bøsse.Uden et hjem at vende tilbage til, bliver han indlemmet i en moderne kult, der er ledet af en falleret filmstatist og pornoskuespiller, hvor han får til opgave at dokumentere gruppens aktiviteter.22 år senere beslutter han sig for at lave en film om sin egen og andre frafaldnes oplevelser.DR2 Dokumania viser 'Kulten fra Californien' tirsdag klokken 20.45.;NORMAL
I 1999 blev den tidligere racerkører Jason Watt lam fra brystet og ned efter en motorcykelulykke. I dag lever han et liv i kørestol. Men med et såkaldt exoskelet prøver han for første gang i 5 år at stå oprejst.Det er i programmet 'Moderne mirakler' i aften på DR2.;NORMAL
I 2015 lærte Onkel Reje os alle, hvordan man tjekker, om æg er ægte?? Vi ønsker alle sangglade børn en glædelig Skolernes sangdag i morgen ????Syng med kl. 10 på DR Ultra!;NORMAL
I aften kan du i programmet 'Vores drenges sidste døgn' klokken 20.45 blandt andet møde Christophers far, som har mistet sin søn til meningitis. Programmet kigger nærmere på om sundhedsvæsenet fejlede, da tre unge drenge har mistet livet som følge af sygdommen.;NORMAL
I aften kan du møde 28-årige Dennis fra Randers, Denmark og hans røde bil, som han hader som pesten. Se om det lykkes Dennis at komme af med bilen, når der er premiere på 'De unge brugtvognsforhandlere' klokken 20.30 på DR1;NORMAL
I aften kan du møde 28-årige Dennis og hans røde bil, som han hader som pesten. Se om det lykkes Dennis at komme af med bilen, når der er premiere på 'De unge brugtvognsforhandlere' klokken 20.30;NORMAL
I aften kan du se den amerikanske thriller 'The Next Three Days' med Russell Crowe, Elizabeth Banks og Liam Neeson. Lara, der spilles af Elizabeth Banks er uskyldigt anklaget for mord og hendes mand John sætter alle sejl ind for at bevise hendes uskyld.;NORMAL
I aften kan du se første afsnit af 'Bag Danmark med Tobias', hvor Tobias er på Anholt. Her møder han Karl Emil, der som den eneste mellem 15 og 29 år er blevet boende på øen. I den anledning får han sig en lille overraskelse. Skal du se med i aften 20.30?;NORMAL
I aften kan du se niende og sidste afsnit af 'Gift ved første blik', hvor de fire par skal beslutte sig for om de vil blive ved med at være gift efter eksperimentet.Du kan se med 20.45 og efter programmet sidder Allan og Pernille klar til at chatte på dr.dk;NORMAL
I aften tager Mette Blomsterberg og James Price til Bernstorff slotspark for at lave mad fra Dronning Louise og Christian d. 9.s bord. Du kan se med i aften klokken 20.00;NORMAL
I aftenens afsnit af 'Spis og spar' kan du møde Tine og Bjarne. Specielt Bjarne er glad for delikatesser i weekenden og dét går ind i mellem hen og bliver en dyr affære. Du kan se med i aften klokken 20.00;NORMAL
I aftenens udgave af 'Kontant' undersøger vi nogle af de mange klager, der er kommet over teleselskabet Telenor og vært Jakob Illeborg forsøger blandt andet at få en forklaring på, hvordan en 88-årig kan blive registreret som dårlig betaler for en router, der beviseligt er blevet returneret. Du kan se med klokken 21.00;NORMAL
I aftes og i nat brændte virksomheden Poca i Hedensted. Virksomheden fremstiller glasfiberbåde, som i stort omfang bliver solgt i Grønland. Her til morgen er der ikke meget tilbage af bygningerne.;NORMAL
I dag i Danskernes Historie leger vi med tanken om, hvad der kunne være sket, hvis tingene var gået anderledes - og hvilket bedre sted at lege med historien end på Christiansø? #endelafhistorien;TEMA
"I denne uge har Miljø- og fødevareminister Esben Lunde Larsen været i politisk stormvejr i en sag om koncentration af fiskekvoter.Derfor har vi gjort dokumentaren ""DR2 Undersøger: Kvotekonger og små fisk"" tilgængelig på DR TV igen. Her følger vi en af Danmarks rigeste fiskere, der ejer kvoter for knap en milliard kroner, for at se om reglerne bliver overholdt.";NORMAL
I disse dage 500 gæster fra hele verden i Aarhus for at lære af byens arbejde med at bekæmpe og undgå radikalisering.;NORMAL
I Esbjerg er Rafael van der Vaart bare 'Estavana Polmans kæreste' :-) :-) Her er det som regel kun Team Esbjergs topspiller, der bliver genkendt på gågaden.;NORMAL
I februar kastede de en flaske brændende benzin på en skolekammerat.;NORMAL
I fremtiden kan du måske blive tilbudt en afføringstransplantation fra unge menneskers tarme og leve længere og bedre.;NORMAL
I løbet af det seneste år har tre teenagedrenge - Hans Petersen, Mathias Baadsgaard-Lund og Christoffer Licht Jensen - mistet livet til smitsom meningitis.I aften forsøger drengenes familier i fællesskab at hjælpe hinanden videre, og forhindre at flere dør af den smitsomme sygdom i dokumentaren 'Vores drenges sidste døgn'.;NORMAL
"I løbet af natten kan du være heldig at se fem planeter med det blotte øje. ?? Find et område væk fra byens lys og håb på klart vejr!  Ekstra info: Venus og Jupiter er nemmest at få øje på, fordi de lyser kraftigt. Merkur vil kunne ses som et svagt lys langt nede mod horisonten. Lyset fra planeterne er mere roligt end det ""blinkende"" lys fra stjernerne. God fornøjelse!";NORMAL
I morgen aften er der premiere på den nye serie 'De unge brugtvognsforhandlere', der handler om unge mænd, der holder danskerne kørende. Du kan se med klokken 20.30 i morgen onsdag.;NORMAL
I morgen aften klokken 20.00 ruller andet afsnit af 'Historien om Danmark' over skærmen. Skal du se med, når Lars Mikkelsen tager dig med indenfor i metallernes tid?;TEMA
I morgen aften ruller første afsnit af 'Bag Danmark med Tobias' over skærmen. Tobias besøger Anholt, hvor han møder 17-årige Carl Emil, der helt usædvanligt er blevet boende på øen, selvom alle andre unge har forladt den.;NORMAL
I morgen sender DR1 andet afsnit af 'Historien om Danmark', som denne gang handler om bronze- og jernalderen - og en af danmarkshistoriens berømtheder: Egtvedpigen.;TEMA
I otte uger skal de Rigtige mænd - DR udsættes for lidt af hvert, og den røde racer 'Rosa' bliver deres trofaste følgesvend. Fra start er stemningen munter, og du kan se meget mere til 'Rigtige mænd - det nye hold' på DR1 i morgen aften klokken 20.00;NORMAL
I otte uger skal de rigtige mænd udsættes for lidt af hvert og den røde racer 'Rosa' bliver deres trofaste følgesvend. Stemningen er munter allerede fra første fløjt og du kan se meget mere til 'Rigtige mænd - det nye hold' i morgen aften klokken 20.00;NORMAL
I sager om 58 patienter er der siden år 2000 tildelt erstatning, fordi sundhedsvæsenet var for længe om at behandle for den frygtede sygdom, smitsom meningitis.;NORMAL
"I stedet vil hun fokusere på, ""hvad der rører sig, og hvad der optager folk"", siger hun til Mennesker og Medier på P1.";NORMAL
I to år ventede Flemming Rømer Jensen på at få en ledsager, så han kunne komme ud. Men han fik afslag på afslag.Først efter P4 København er gået ind i sagen om Borgerservice Handicap i Københavns kommune og de mange klager de får, har Flemming fået sin ledsager, og kommunen ændret praksis.;NORMAL
I weekenden blev et homoseksuelt par brutalt overfaldet. Nu tager mænd over hele Holland hinanden i hånden i solidaritet.;NORMAL
I weekenden blev et homoseksuelt par overfaldet - nu viser mænd over hele Holland deres sympati.;NORMAL
I år er i alt 25.100 migranter og flygtninge kommet til Italien ad den vej.;NORMAL
Igen og igen dukker der oldtidsfund op fra marker, som landmænd ellers har pløjet, harvet, sået og høstet på tusindvis af gange.Som nu, hvor gravemaskiner på et kommende boligområde ved Vadum har afdækket en kogestens-grube - altså en jord-ovn. Dem har arkæolog Lone Andersen set rigtig mange af. Men hver gang gravemaskinen er i gang med en for-undersøgelse venter hun med spænding på, hvad der gemmer sig.;TEMA
Ikke dårligt ??;NORMAL
Ikke nok med at Birthe måtte vente forgæves på en tekniker fra Telenor. Efterfølgende modtog hun også en regning på teknikerbesøget, der aldrig havde fundet sted.;NORMAL
Indtil videre vil kulturministeren ikke lade licensen falde med fem procent om året i fem år.;NORMAL
Intet slår gode evner på dansegulvet! Her bringer vi 13 stærke #WEEKENDMOVES.;NORMAL
Jacob Dinesen Band er på forårsturné. Lyt med her:;NORMAL
Jakob Meier fra Bækmarksbro er udvekslingsstuderende i Stockholm:- Vi skulle have holdt fest i aften, men det er der ikke meget idé i. Vi har mere brug for at mødes og tale tingene igennem.;NORMAL
Jason Watt ser nærmere på et af de moderne mirakler, som allerede er ved at være virkelighed. I fremtiden kan man nemlig printe menneskedele af kød og blod, når kroppen mangler eller mister noget. Følg Jason Watt og de Moderne Mirakler på DRTV lige her:;NORMAL
Jason Watt tager i aften til Island, hvor han og møder den første mand med en benprotese, som kan bevæge sig via tankens kraft.  Hør mere om den nye teknologi i 'Moderne mirakler' mandag kl. 21.30.;NORMAL
Jeg skal ikke have de kondomer!Magic Mrtin undersøger om kærligheden kan opstå spontant i supermarkedet.;NORMAL
Jeg synes, I er nogle narrefis...keri-minister-fyrere. ????(via. DR2);NORMAL
Jeg tror også, min kone er tilfreds med, at jeg går her og laver noget :,-) Erik Rasmussen fylder 78 i år og arbejder stadig som frisør. Flere og flere over 70 år bliver på arbejdsmarkedet. Hvad vil kunne få dig til at blive lidt længere?;NORMAL
Jeg var hele tiden meget påpasselig og fik nærmest dårlig samvittighed, hvis jeg havde spist for mange vindruer.Se hele 'Lærke møder Danica Curcic' på DR TV.;NORMAL
Jeppe fra 'De unge brugtvognsforhandlere' øjner penge, da han ser en ældre BMW. Se om han får bilen med hjem og meget mere i aften klokken 20.30;NORMAL
Johanne Astrid er på lørdag i finalen i Danmark har talent. Hun rocker trommerne, men hendes musiksmag - den er lige så cool! Og næppe som mange andre 10-åriges....;NORMAL
Juhuu!! Vores naboer og bedste venner 'Formiddag på 4'eren' har en spændende nyhed til jer...;NORMAL
Julie Berthelsen er ny vært på 'Formiddag på 4'eren'. ??;NORMAL
JAAAAA! ???? Ultras Sorte Kageshow vinder en Emmy som det første DR-børneprogram nogensinde ????;NORMAL
Kampklædt politi måtte bruge tåregas mod demonstranterne.;NORMAL
Kan det ende for Liberal Alliance, som det gjorde for SF? Abdel Aziz Mahmoud går transport-, bygnings- og boligminister, Ole Birk Olesen på klingen om hans håndtering af PostNord-sagen og om LAs fremtid i regeringen. Se 'Ole Birk og magtens pris - Adgang med Abdel' lige nu på DRTV.;NORMAL
Kan du anbefale en god fængselsfilm? I den franske film 'Profeten' bliver 19-årige Malik idømt seks års fængsel. Han får hurtigt de brutale levevilkår inden for murene at føle, da den korsikanske gangster César tvinger Malik til at udføre en blodig 'mission'.;NORMAL
Kan du forestille dig Lejre som Danmarks hovedstad i stedet for København? Det kunne vikingerne! :);TEMA
Kan du forestille dig Sakskøbing som hovedstad i stedet for København? Engang udgjorde byen faktisk hele den danske konges rige!Klik ind på kortet og se alle de byer, der kunne have været Danmarks hovedstad.;TEMA
Kan du huske Lillebror?Det legendariske tv-børneprogram ’Ingrid og Lillebror’ bliver nu lavet i en teaterversion af Teater Vestvolden - Hvidovres Teater.;NORMAL
Kan du lide lydbøger?Lige nu kan du lytte til den barske og spændende roman om Danmarks blakkede fortid som slavenation på DR Podcast.;NORMAL
Kan man kurere mavesmerter med gurkemeje og kinesiologi?I denne uges temalørdag sætter vi fokus på tarme og den videnskabelige kamp mod mavesmerter.Se Tarmlørdag på DR2 fra kl. 20.00.;NORMAL
Karl Kristian har udgivet sin første single. Hør hvorfor han har valgt at hylde hjembyen Hvide SandeSe musikvideoen her: https://www.youtube.com/watch?v=E-qgnJlQguI&t=118s;NORMAL
Kayla er på slankekur i januar og vil have andesmag til jul og lammesmag til påske. <3;NORMAL
Kender du også problemet med skrald og grimme facader fra din by?;NORMAL
Kender du typerne, der har lidt for travlt med at lægge planer? ??(via. DR3);NORMAL
Kig dig for, når du kører på landevejene!;NORMAL
Kig selv rundt i scenerne, og hør historien om dengang et loppefund endte som et helt unikt danefæ.#endelafhistorien;TEMA
Klokken 21.30 i aften er den fjerde udgave af 'Gift ved første blik' slut. De fire par skal beslutte sig for om de efter eksperimentet stadig vil være gift.Du kan chatte med parret Allan og Pernille efter programmet via linket her.;NORMAL
Kom en tur med tilbage til 60'erne med blandt andre Ole Henriksen, Bille August, Gun-Britt Zeller, Johnny Reimar, Kirsten Norholdt og Leif Davidsen.Se alle fire afsnit af 'Mig og 60'erne' på DR TV.;NORMAL
Kom i god tid, hvis du skal ud at rejse fra Billund ?;NORMAL
Kom med på første række, når Martin følger sine drømme i en musikbranche, der kan være overvældende: ??(via DR3);NORMAL
Kom til ?? forpremiere på 'vores' del af DR-serien Historien om Danmark ????Det foregår på Kongernes Jelling, og handler selvfølgelig om vikingetiden. Klik på linket, og få fingre i en af billetterne. Vi glæder os ??;TEMA
Kommunerne sparer på vedligehold. Til gengæld bruger de flere penge på at anlægge veje.;NORMAL
Kontanthjælpsmodtagere i Aarhus Kommune risikerer at få en regning, hvis de ikke overholder reglerne for ferie og bliver opdaget i lufthavnen.;NORMAL
"Kun hver 8 direktør i Danmark er kvinde, viser en ny undersøgelse. Men hvordan løser vi det?""Det vil ikke skade, hvis flere kvinder får lyst til iværksætteri"", lyder Venstres ligestillingsordfører Jakob Engel-Schmidts bud.";NORMAL
Kunne du forestille dig Ribe, Nyborg, Odense eller en helt fjerde by som Danmarks hovedstad?;TEMA
"Kunne du forsvare folk, selvom du vidste, de var skyldige?Forsvarsadvokat Bjarne Frøberg fra 'Tiltalt' er ikke intereseeret i, om klienten er skyldig eller uskyldig.""Jeg er bare forsvareren, som skal passe mit arbejde og vejlede klienten bedst muligt i forhold til den påstand, klienten selv har."" Se tredje afsnit af 'Tiltalt' mandag kl. 20.45.";NORMAL
Kunne du overleve i stenalderen? Mogens Bo Henriksen fra Odense Bys Museer ville helst spise sig gennem stenalderen. :,);TEMA
Kunne Folketinget, Børsen og Tivoli have ligget ved Aggersborg i Han Herred? Ja, det er faktisk ikke helt utænkeligt! ?? #HistorienOmDanmark;TEMA
Kvik får en frikadelle og sidder med til bords, mens Grisehandler Larsen får en Pilsner.Op til påske ryger der hundemad med lammekød i madskålen, så vores kæledyr også mærker højtiden. Hvordan forkæler du menneskets bedste ven?;NORMAL
Kø, kø, og kø. Der er ombygning af ramperne ved Odense SV, og det giver forsinkelser. Fra i dag og de næste otte uger frem kan du godt regne med, at bilkøerne popper op i myldretiden om morgenen og eftermiddagen.;NORMAL
København har to af verdens 50. bedste restauranter! :);NORMAL
Landsholdet er nu nummer 51 på verdensranglisten - det er den laveste placering nogensinde for Danmark.;NORMAL
Lasse ved ikke, hvordan han skal tackle Livs afsløring - ikke mindst fordi Oskar ikke kender sandheden. Se det femte og sidste afsnit af 'Arvingerne i skærgården II' onsdag kl. 20.00 og efterfølgende på DRTV.;NORMAL
Ledelsen i Silkeborg IF kan igen koncentrere sig om fodbold.;NORMAL
Lige nu kan du se billeder fra over 180 danskeres hjem.;NORMAL
Lyder det som drømmejobbet for dig?IT Universitetet har netop udnævnt den første professor i gaming - se indslaget med professor Espen Aarseth her.;NORMAL
Lys hud, blå øjne og en høj statur kom til de nordlige breddegrader fra syd.#endelafhistorien;TEMA
Lyt med lige om lidt. :);NORMAL
Man kan godt have meningitis, selvom man ikke er stiv i nakken.;NORMAL
Man kan godt tisse lidt i bukserne, når man stikker af med cirkus ?? Motor Mille på cirkustur ligger nu på dr.dk/ramasjang/tv??;NORMAL
Mange familier søger om hjælp til at komme på sommerferie.;NORMAL
Mange mennesker er i chok, fortæller et øjenvidne.;NORMAL
Manipulation, magi?! Jan Hellesøe tager røven på Signe Lindkvist.;NORMAL
Mary Steward Burgher havde regnet med at tilbringe sin alderdom i Danmark.;NORMAL
Med hjælp fra moderne teknologi fik Jason Watt mulighed for at stå oprejst for første gang i 17 år. ????(via. DR2);NORMAL
Med irakiske styrkers hjælp har Four Paws reddet dyr ud af den IS-kontrollerede del af Mosul.;NORMAL
Med mindre de har sprogproblemer.;NORMAL
Med solskin og forår starter grillsæsonen også så småt, Og hvert år følger advarsler mod at spise for meget grillmad - Her er et par gode råd, der er værd at tage med:;NORMAL
Men det er faktisk et meget pænt tal, siger underdirektør i Dansk Industri.;NORMAL
Men en legal handel med hornene er måske det eneste, der kan redde det udrydningstruede dyr, vurderer DR's Afrika-korrespondent.;NORMAL
Men partiet er alligevel ikke på vej til at skifte side.;NORMAL
Mentorordning hjælper udsatte familier med at finde vej til uddannelse og arbejdsmarked. I Assens Kommune har man haft stor succes med projektet.;NORMAL
Mette Blomsterberg viser i 'De kongelige køkkenhaver', hvordan man laver en lækker og nem øllebrød. Øllebrøden toppes med æblestykker og en klat flødeskum.Få opskriften her.;NORMAL
Michael har en farverig familie med en rimelig usædvanlig historie. ????(via. DR3);NORMAL
Miljø- og fødevareminister Esben Lunde har fået en alvorlig næse af Folketinget og ærgrer sig over situationen. Rekordindehaveren af næser havde en noget anden tilgang til de politiske påtaler.;NORMAL
Mindst 58 mennesker er dræbt i angrebet. 11 af dem skal være børn.;NORMAL
Ministeren lægger sig fladt ned.;NORMAL
Moderne teknologi gør det muligt for lamme ben at gå igen.;NORMAL
Myrerne i videoen havde haft et dejligt liv på en vindblæst skråning på Anholt, men så kom kageglade Tobias Hamann-Pedersen forbi og så en ny mulig bageingrediens....????Hvad er den mærkeligste ingrediens, du har brugt til at bage???;NORMAL
Mændene har forvoldt store skader på monumentet, der står på Fovrfeld Gravlund i Esbjerg.;NORMAL
Mød Seeker. Hun er en 15 måneder gammel labrador, der udover at være en rigtig humørspreder, også er Danmarks første hund trænet til én bestemt ting. At finde skimmelsvamp :);NORMAL
Må man råbe ad en modspiller, som har brændt et straffespark (også selv om det var helt urimeligt dømt)?Det diskuteres flere steder i dag, efter episoden med Kees Luijckx i SønderjyskE Fodbolds kamp mod FCK i aftes.Hvad mener du?;NORMAL
"Naomi Klein: ""Et hidtil uset omfang af mennesker bliver mere og mere involverede i forskellige bevægelser og politik, hvilket er lyspunktet ved Trump.""";NORMAL
Niels Boje Lund mistede sin sin søn på grund af en fejl på hospitalet. Lægerne troede den 16-årige dreng led af en sjælden hudsygdom, men det viste sig at være meningitis. Nu vil den efterladte far gør sit for, at lignende fejl ikke gentager sig.;NORMAL
Nilas Holst har fået en langt større livskvalitet efter sin fedmeoperation. En operation som mange danskere, ifølge en ny undersøgelse, imidlertid ikke mener, statskassen skal betale for.Hvad mener du?;NORMAL
Nogen gange er vi tættere på fortiden, end vi tror. Det opdagede en bygherre fra Lisbjerg udenfor Aarhus, der ville bygge ved siden af kirken.;TEMA
Nogen tror at det er fake news, men den skulle være god nok :-);NORMAL
Noget værre...lort. Sådan lyder analysen fra Jonas Kamper efter Viborg FFs nederlag til AGF.;NORMAL
Nogle beskylder sygehusene for rene registreringer. Men tjek lige den her afsked fra Aarhus Universitetshospital ??????;NORMAL
"Nok har vi siden stenalderen taget et ordentligt skridt op ad ""toilet-stigen"", men der var nu også fordele (og bagdele) dengang det hele kunne ordnes i skoven.  #HistorienOmDanmark";TEMA
"Nok har vi siden stenalderen taget et ordentligt skridt op ad ""toilet-stigen"", men der var nu også fordele (og bagdele) dengang det hele kunne ordnes i skoven. ?? #HistorienOmDanmark";TEMA
Nok har vi siden stenalderen taget et ordentligt skridt op ad ”toilet-stigen”, men der var nu også fordele dengang det hele kunne ordnes i skoven #HistorienOmDanmark;TEMA
None;NORMAL
None;NORMAL
None;NORMAL
None;NORMAL
None;NORMAL
None;NORMAL
Nordkorea står højt på dagsordenen, når Kinas præsident i denne uge holder topmøde med USA's Donald Trump.;NORMAL
Nordkorea truer fred og sikkerhed i Asien, og selv Kina er nu ved at miste tålmodigheden.;NORMAL
Nu er trenden også nået til Danmark.;NORMAL
Nu kan du se eller gense programmet 'Vores drenges sidste døgn' hér.;NORMAL
Nu kommer Bugtcentret i Aarhus og vipper Herlev Hospital af pinden som Danmarks højeste etageejendom.;NORMAL
Nu med dato: Vi viser Skam hver søndag. Første gang d. 16. april.;NORMAL
Nu sælges tomme huse som skønne landsteder.;NORMAL
Ny gratis radioapp fra DR;NORMAL
Nå, men alting har en ende, og en regnorm den har to...Opholdet på Nordsøen Oceanarium er i hvert fald et overstået kapitel for resterne af finhvalen, der sidste år strandede ved Blokhus.I dag blev finhvalens skelet nemlig flyttet tilbage til Blokhus, hvor det fremover kan ses på torvet i byen.;NORMAL
Når greve Christian Ahlefeldt-Laurvig-Lehns søn overtager godset, kan de se frem til en skattelempelse på op mod 30 millioner kroner.;NORMAL
Når Mads Ejrnæs tegner, forsvinder hans rysten.Han fik diagnosen Parkinsons i 2012 og lagde sin passion for at tegne på hylden helt overbevist om, at han aldrig ville kunne tegne igen. Heldigvis satte han sig en dag ned og prøvede.;NORMAL
Når temperaturerne i de undersøiske havstrømme fra Antarktis er varmere end tidligere, så kan det mærkes overalt på kloden.;NORMAL
Når vi i Danmark har overskudsenergi fra vores vindmøller sender vi den til f.eks.Tyskland og køber den så tilbage igen, når vi skal bruge den.Det er nemlig svært at gemme vindenergien effektivt.Men det vil erhvervsparken GreenLab i Skive Kommune gøre op med ved at omdanne vindenergi til gas.;NORMAL
Obama valgte en anden proces end sin efterfølger.;NORMAL
Og de vil gerne have, at det sker så hurtigt som muligt.;NORMAL
Og det er endda kun den 8. længste tale i senatets historie ??;NORMAL
OL-guldvinder Pernille Blume er klar til VM ??;NORMAL
Onsdag var elever fra Bohrskolen i Esbjerg på besøg hos VL Staal for at opleve, hvordan en hverdag som håndværker kan være. Besøget er en del af kampagnen Kloge hænder, der skal få flere unge til at vælge en praktisk uddannelse. ?? #UgenDerGik;NORMAL
OPDATERING: Den russiske statsanklager har efterfølgende oplyst, at det er uvist, om der er tale om terror, og at det er for tidligt at sige noget om årsagen.;NORMAL
Peter Lund Madsen vil alligevel ikke være kandidat for De Konservative.;NORMAL
Pilou Asbæk måtte råbe og skrige for ikke at blive helt overskygget af Scarlett Johansson.;NORMAL
Pip løs - hvad skal du bruge påskeferien til?Spise æg? Lufte dine blege ben? Synge om kap med fuglene?;NORMAL
Politiet bekræfter at en lastbil er kørt ind i en menneskemængde i Stockholm.Følg udviklingen her:;NORMAL
Politiet har droppet at sigte fire drenge for drabsforsøg i brandsagen fra Ry, hvor en 16-årig blev udsat for et brandangreb.;NORMAL
Politiet har droppet at sigte fire drenge for drabsforsøg i brandsagen fra Ry, hvor en 16-årig blev udsat for et brandangreb.;NORMAL
Produktionsdirektøren kan ikke udelukke, at danskerne kan komme til at gå forgæves efter kød i supermarkederne.;NORMAL
Psssst, perfekt underholdning til din lørdag: ????;NORMAL
Publikum gider ikke kvinder og etniske minoriteter som superhelte, lyder det fra Marvel.;NORMAL
På bare et år er det økologiske areal i Nordjylland steget med 37 procent. ?;NORMAL
På en halv time kan du lave de lækreste hjemmelavede myslibarer som Jesper Vollmer lavede i gårsdagens afsnit af 'Spis og spar'. Få opskriften her;NORMAL
På mandag kan du se første del af dokumentaren 'Jason og Noah - en chance til'. Her kommer du tæt på et 14-årig stortalent, der hver dag drøner rundt i en go-kart og forfølger sin drøm, med sin far og træner ved sin side.;NORMAL
På søndag kan du blive klogere på metallernes tid, når Lars Mikkelsen åbner andet kapitel af 'Historien om Danmark'.;NORMAL
På søndag kan du blive klogere på metallernes tid, når Lars Mikkelsen åbner andet kapitel af 'Historien om Danmark'. Hvad forbinder du med bronze- og jernalderen?;NORMAL
På torsdag kan du se første afsnit af programmet 'Bag om Danmark med Tobias'. Vi starter på Anholt, hvor Tobias får sig noget af en smagsoplevelse. Du kan se med på torsdag klokken 20.30.;NORMAL
Region Hovedstaden indførte ny akuttelefon, der adskiller sig fra de øvrige regioners - allerede efter to måneder havde 1813 fejlet i sag om meningitis.;NORMAL
Region Hovedstadens akuttjeneste havde sidste år dobbelt så mange indberetninger om alvorlige fejl som de øvrige regioner til sammen. Hvad er din erfaring med Akuttelefonen 1813?;NORMAL
Region Syddanmark er for sløv til at få betalt løn til redderne fra det konkursramte Bios. Det mener fagforbundet 3F, som repræsenterer redderne.;NORMAL
Ruslands forsvarsministerium siger, at der ikke var tale om et gasangreb, men om syriske militærfly, der beskød et lager med kemiske våben.Op mod 72 personer har mistet livet livet, heriblandt flere børn.;NORMAL
Russiske medier og Reuters melder om dræbte og sårede efter eksplosion i Sankt Petersborg.;NORMAL
Samme arkitekt som operahuset i København! Intet mindre kan gøre det i aftenens udgave af Hammerslag, hvor vi er på besøg i det nordøstfynske.Skal du gætte med klokken 20.00?;NORMAL
Samtidig tjener de rigeste 236.000 kroner mere.Hvad synes du om den udvikling?;NORMAL
Sana bliver hovedkarakteren i den næste sæson af den populære NRK-serie 'Skam'.;NORMAL
Seertallene viser, at det har været den mest dramatiske sæson i X Factor - DR nogensinde.;NORMAL
Selvom de er erklæret aktivitetsparate.;NORMAL
Selvom man er en rigtig mand, så kan man godt være en lille smule nervøs, når man skal møde nye mennesker. På onsdag kan du se hvordan det går, når 'Rigtige mænd - det nye hold' møder hinanden for første gang klokken 20.00.;NORMAL
Selvom man lige er fyldt 70, kan man godt være fuld af humor og selvtillid.... Kvinden her er i hvert fald skøn herlig og en lille smule lummer. Du kan se meget mere til Lisbeth Dahl, debutanten Lise Baastrup og Niels Ellegaard i aften klokken 20.00;NORMAL
Selvom vi bruger det mindre og mindre og sender færre og færre breve, så er det stadig noget mange reagerer på, når posthusene lukker.I hovedstadsområdet er der kun ét reelt posthus tilbage, og fire tidligere posthuse står nu tomme.Savner du de gamle dage?#HørHovedstaden;NORMAL
Sendte John F. Kennedy dagligt blomster til Karen Blixen?;NORMAL
Sendte John F. Kennedy Karen Blixen roser?Få svaret i 'Historiequizzen - Rungstedlund' på DR TV.;NORMAL
Showet bliver ”uden unfair spørgsmål fra journalister og uden akavede pressefotograferinger med tyske damer”.;NORMAL
Siden januar 2016 har tre teenagedrenge mistet livet til smitsom meningitis.;NORMAL
"Siden Rikke Nielsen vandt prisen som ""Årets Forbillede"" i showet ""Sport 2016"" for sit arbejde med håndboldholdet for børn med udviklingshandicap, ""Håndbold Kidz"" i Gistrup, er hun blevet kontaktet af omkring 15 håndboldklubber i hele landet, der vil kopiere hendes idé.";NORMAL
Siden stenalderen har vi kravlet op af toilethullerne i skoven til nutidens porcelænstrone. Men der var skam fordele dengang toiletbesøg foregik i det fri. #HistorienOmDanmark;TEMA
Sidste afsnit af 'Gift ved første blik' er rullet over skærmen for denne gang og lige nu sidder Allan og Pernille klar til at besvare dine spørgsmål via linket hér.;NORMAL
Sidste år lavede 1813 dobbelt så mange alvorlige fejl som andre akuttjenester i landet.;NORMAL
Sig velkommen til Julie Berthelsen! ??;NORMAL
"Signe Molde til Pia Kjærsgaard: ""I er vel det man kalder nogle narre-fiss..."". Se med kl. 21:30 på DR2";NORMAL
Sikke en forfærdelig historie! ??(via. DR1);NORMAL
Skal du handle lidt til urtehaven inden påske? Så kan det betale sig at holde øje med priserne og aftenens afsnit af Magasinet Penge på DR1.;NORMAL
Skal du se phlake til sommer?;NORMAL
Skal du til Bob Dylan-koncert i aften?I så fald kan du varme op med DR Podcasts nye serie 'His Bobness' om den legendariske armerikanske sanger og sangskriver. De to første afsnit er ude nu.;NORMAL
Skal man sætte undertekster på sønderjyder? Nej, vel..Og man skal heller ikke kræve, at folk taler rigsdansk. Vi kan jo ikke have, at Julle er nødt til at være fuld for at komme på landsdækkende tv :,-) :,-)- Jeg kan simpelthen ikke snakke rigsdansk uden at brække min tunge. Det ligger bare ikke naturligt for mig. Der skal fem-seks øl til, før jeg kan snakke rigsdansk, siger han.#ViElskerDialekter;NORMAL
Skal medicinske senge konverteres til hospicesenge?Formanden for Hospice Forum Danmark mener, at det er bedre for økonomien og de døende patienter.;NORMAL
Skifter man arbejde, når man bijobber? Forsvarsadvokat Bjarne Frøberg er midt i en sag, hvor han skal forsvare en dygtig australsk oboist, der er tiltalt for at have forbrudt sig mod udlændingeloven ved at tage bijob i Danmark. Se det tredje afsnit af 'Tiltalt' torsdag kl 23.00 eller lige nu på DR TV.;NORMAL
Skudepisode i Aalborg Øst i aftes kan være udløst af familier, der er kommet på kant med hinanden, siger politiet.;NORMAL
Skæg = Krisetider :)Læs meget mere om Danmarkshistoriens store og små historier her:;TEMA
Skæg eller ej?Skægget har haft mange forskellige betydninger gennem historien - blandt andet når krisen kradser.Bliv klogere på vores Danmarkshistorie her:;TEMA
Smart - hvis du ikke orker at aflevere dine tomme flasker, kan du få dem hentet af hjemløse og andre socialt udsatte.;NORMAL
Som medlem af Coop Danmark kan du få tre-fire procent i rente, hvis du investerer i æbleplantager på Fejø.;NORMAL
Sophie Hæstorp Andersen (S) siger, at Region Hovedstaden nu vil finde ud af, hvordan den bedre kan finde ud af stille diagnose på patienter med smitsom meningitis.;NORMAL
Staterne vil stoppe Trumps forsøg på at rulle Barack Obamas klimatiltag tilbage.;NORMAL
Stenalderbebyggelse ved Gårslev. Fire tømrerelever prøver værktøj, der er mindst 6000 år gammelt. :);NORMAL
Stenalderen var ikke den nemmeste tid at leve i.;NORMAL
Stort tillykke med 60 års-jubilæet til Ghita Nørby! :);NORMAL
Stort tillykke med de flotte priser! ????;NORMAL
Strækningen mellem Rådhuset og Kongens Nytorv skal være renere og pænere.Enig?;NORMAL
Styrelsen for Patientsikkerhed giver nu en opsang til lægerne, efter den seneste tids omtale af dødsfald efter fejlbehandling af meningitis.  Lægerne skal være bedre til at genkende og reagere på de mest almindelige symptomer på sygdommen, siger Styrelsen.;NORMAL
Stærkt! ??;NORMAL
Substans bringer ud.  Var det noget med Michelinstjernemad til hoveddøren?;NORMAL
Svensk politi melder om dødsfald.;NORMAL
Svensk politi melder om dødsfald.;NORMAL
Symptomer på meningitis står i alle lærebøger. Alligevel bliver der begået fejl. For 16-årige Mathias kostede det ham livet.;NORMAL
Synes du, kvinder og etniske minoriteter skal være superhelte? ????;NORMAL
Syv kommuner: Det skal være slut med vand i kældre på grund af unødvendige oversvømmelser. Løsningen ligger ifølge rapport fra Kystdirektoratet lige for - men den lader alligevel vente på sig;NORMAL
Sænk farten før det er for sent, lyder det fra Rådet for Sikker TrafikDet nåede Sikker Trafik Ambassadør - Jonas Kehlet ikke.;NORMAL
Sønderjyske Rasmus Lassen Petersen er en af de fem nye 'Rigtige mænd'. Han har en stor svaghed - kach! ??;NORMAL
Søren Schow vandt magtkampen og fortsætter som spidskandidat med stemmerne 54-45.- Jeg er selvfølgelig glad for udfaldet. Nu gælder det om stå sammen og løfte i flok, for at sikre Venstre det bedst mulige valg den 21. november, siger Søren Schow.;NORMAL
Så du første afsnit af den nye, store serie på DR1 om Danmarks historie i aftes? :-) Hvordan mon du ville klare dig, hvis du blev sendt tilbage i tiden? Test dig selv i quizzen her:;TEMA
Så du første afsnit af den nye, store serie på DR1 om Danmarks historie i aftes? :) I dag hopper P4 Trekanten 5.700 år tilbage sammen med en flok håndværkerelever, der skal prøve fortidens redskaber. Lyt med fra klokken 8, når vi sender fra en jernalderbebyggelse ved Gaarslev.;TEMA
Så du med da 'Rigtige mænd - Det nye hold' rullede over skærmen for første gang? Du kan se eller gense første afsnit her.;NORMAL
Så du med, da Blomsterberg og Price lavede Chartreuse med tornerede kartofler? Du kan se eller gense sidste afsnit her.;NORMAL
Så du med, da 'Cirkusrevyen 2016' rullede over skærmen? Du kan se eller gense programmet hér.;NORMAL
Så du med, da 'Historien om Danmark' rullede over skærmen på DR1 søndag aften?;TEMA
Så du med? ??;TEMA
Så er datoen på plads! ?????? DR3 har kaldt tekstere på arbejde om lørdagen, så vi kan vise 'Skam' hver søndag fra den 16. april.;NORMAL
Så er der dato på, hvornår SKAM bliver vist i Danmark.;NORMAL
Så er der mulighed for at komme gratis til Fur og Venø ??;NORMAL
Så er det den tid på året igen ??;NORMAL
Så er det endelig Homeland-tid igen. I aften sidder Max i saksen hos Dar og O'Keefe. Se det næstesidste afsnit i aften kl. 21.30.;NORMAL
Så er plakaten til årets Roskilde Festival klar!;NORMAL
Sådan! Odense Håndbold kan skimte en plads i semifinalerne.;NORMAL
Sådan!! Kæmpe tillykke til Johanne Astrid - hun gik hele vejen og vandt Danmark Har Talent ??;NORMAL
Sådan??;NORMAL
Tag en tur tilbage til istiden sammen med naturvejleder Jens Kofoed.#Kofoedsnatur;TEMA
Telekunder kan allerede til sommer begynde at benytte mobildata i andre EU-lande uden ekstra omkostninger.;NORMAL
Telenor har tæppebombet Per Nielsens forældre med regninger på en router, som både er betalt og afleveret. I et år har de prøvet at trænge igennem til selskabets kundeservice. Uden held.;NORMAL
Test om du kan nå at bremse!;NORMAL
The xx kommer på Roskilde Festival! ??;NORMAL
Tillykke med 60 års jubilæum! ????;NORMAL
Tillykke med jubilæet Ghita Nørby! :);NORMAL
Tillykke til Geranium og Relæ!;NORMAL
Tillykke til Ghita Nørby :-)Hun varmede op til aftenens forestilling ved at plante stedmoderblomster i haven.;NORMAL
Tiltalen i forbindelse med brandangrebet rejses efter den alvorligste bestemmelse i straffeloven om vold, paragraf 246.;NORMAL
Tip os om de bedste børnevenlige oplevelser og seværdigheder i naturen i Østjylland! Hvor har du og dit barn / barnebarn haft en rigtig wow-oplevelse væk fra sofa og skærme?;NORMAL
Tjek her hvilken østjysk by, der kunne være blevet hovedstad i stedet for København - og hvorfor.;NORMAL
Tobias er på Anholt i aftenens afsnit af 'Bag Danmark med Tobias' og han er vild med den ro, der hviler over øen. Du kan se hvad Tobias oplever på Anholt klokken 20.30;NORMAL
Troen på ravets særlige kræfter har været med til at gøre nordisk rav eftertragtet i Kina. I nordens bronzealder fik ravets religiøse betydning også en enorm indflydelse.;TEMA
Træerne ved vores redaktion står smukt i solen og stråler. Kender du andre steder på Fyn, som springer ud? Send os dit billede af det fynske forår, vi ved, I har dem!! ??;NORMAL
Træls. ??;NORMAL
Tusinder af elever er draget på en virtuel tidsrejse i danmarkshistorien.;TEMA
Tvind-lederen har været eftersøgt af dansk politi i ti år.;NORMAL
Tænk hvis Amalienborg, Folketinget og Den Lille Havfrue havde ligget på Fyn...;TEMA
Tænk nu, hvis Viborg var endt som landets hovedstad.Museumsinspektør Peter H. Iversen fra Nyt Viborg Museum leger med tanken i dette eksperiment fra DR Historie.;TEMA
Ulf Pilgaard er tydeligvis ikke helt tilfreds med sin nye jobsituation.... Du kan blandt andet se ham og Lisbeth Dahl i aktion, når vi i aften viser første del af 'Cirkusrevyen 2016'.;NORMAL
"Ulykker, der ikke sker, kan være med til at redde liv.En gruppe forskere fra Aalborg Universitet har sat sig for at filme og analysere ""lige ved og næsten""-trafikulykker.";NORMAL
Undskyld mig, Ghita. Må jeg give dig nogle give lammere i maven?Tirsdag aften kan du møde skuespiller Danica Curcic, der blandt andet fortæller om sit samarbejde med Ghita Nørby i 'Stille hjerte'.;NORMAL
USA affyrede 59 missiler mod en syrisk militærbase.;NORMAL
USA svarer igen på giftgasangreb mod den syriske befolkning ??;NORMAL
USA vil ikke finde sig i, at Syrien tidligere på ugen brugte kemiske våben mod civile.;NORMAL
USA vil ikke finde sig i, at Syrien tidligere på ugen brugte kemiske våben mod civile. Følg udviklingen her.;NORMAL
Vandet fra to-liters flaskerne er solgt over hele landet og er ikke egnet til at drikke.;NORMAL
"Var det den rigtige beslutning af Donald Trump at angribe Assads luftvåben i Syrien?""Jeg er ikke tilhænger af krig, men jeg var lettet over, at nogen vil sætte en klar linje over for en diktator, som kun forstår magtens sprog."", siger den syriske læge Haifaa Awad om sine følelser fredag morgen, da Donald Trump havde angrebet syriske regeringsstyrker med krydsermissiler.  Se hele særudgaven af Debatten på DR TV her:";NORMAL
Var det noget for dig?;NORMAL
Ved midnatstid var branden under kontrol, men her til morgen er der stadig gang i efterslukningen. Når den er overstået, rykker politiets efterforskere ind i områdetl.;NORMAL
"Velbekomme :-)Nogle af Katinkas sange er nærmest ""blevet brækket op"".";NORMAL
"Velkommen til de uofficielle So Ein Ding - DR droneflyvningsmesterskaber.Nikolaj Sonne inviterer nogle af landets bedste ""piloter"" ind i DR for at flyve heftigt ræs gennem kontorlandskabet og kigger på forskellige droner.Se forpremieren på 'So ein Ding og dronerne' allerede nu eller kig med på mandag kl. 22.00 på DR2.";NORMAL
Venstre og Socialdemokratiet vil arbejde for at sætte en stopper for, at private danskeres overvågningskameraer bliver streamet på nettet.;NORMAL
"Verden ændrer sig hele tiden og det samme gør vores viden om den og syn på den. Hvornår har du oplevet, at historien - den store i verden eller den lille i dit eget liv - skulle ""skrives om""? Thomas&Katrine";TEMA
Vi bliver nødt til at holde op med at se succes som en given størrelsen, hvor hvis jeg får mere, så der der mindre til dig, siger Soulaima Gourani i Debatten - DR.Hun mener, at vi skal blive bedre til at værdsætte og blive motiverede af andre folks succes. Er du enig?;NORMAL
Vi er så stolte af vores østjyske kolleger hos DR Ultra!De har nemlig fået verdens fineste tv-pris, en Emmy, for programmet Ultras Sorte Kageshow. En lys idé om at slukke lyset, så sanserne bliver udfordret.Stort tillykke!;NORMAL
Vi glæder os til at give mikrofonen videre til fynske Julie Berthelsen alle hverdage efter kl. 10. Fra 1. maj er hun makker med Kasper Harboe på 'Formiddag på 4'eren'!;NORMAL
Vi har 4 x 2 billetter til forpremiere på Trekantområdets del af DR-serien Historien om Danmark. Det foregår på Kongernes Jelling onsdag den 12. april, og handler selvfølgelig om vikingetiden. Vil du have fingrene i et par billetter? Send en mail til trekanten@dr.dk og giv en begrundelse for, hvorfor det lige er DIG der skal af sted :-);NORMAL
Vi har her samlet tre af de vigtigste metoder i jagten på fortidsfundenes hemmeligheder.;TEMA
Vi har samlet et par fordele ved IKKE at bo i en hovedstad. Kan du hjælpe os med flere? ??Der var flere grunde til, det var København, der blev udråbt som hovedstad. Hvis det skulle have været en by her hos os, var det bedste bud Ribe. Men det er nok meget godt, det ikke blev sådan. ??;TEMA
Vi har selvfølgelig et sendetidspunkt meget snart!;NORMAL
Vi håber, din start på ugen bliver bedre end Bamses! ???? #børnetimeGod mandag ????;NORMAL
Vi kan ikke få armene ned! ?? Stort tillykke til Esbjerg ENERGY. ??;NORMAL
Vi skal blive ved med at grave i historien, for lige pludselig finder vi ud af, at Danmarks ældste lig i virkeligheden er en mand og ikke en kvinde, og at Egtved-pigen slet ikke var jydsk. ??  #HistorienOmDanmark;TEMA
Vi skal nok nuancere den tidlige danmarkshistorie lidt og sige, at der er konger før Gorm den Gamle, som vi kan blive klogere på ved at kigge nærmere på Erritsø, siger Christian Juel, der er arkæolog og museumsinspektør ved Vejle Museerne.;TEMA
Vi spurgte jer lyttere, hvor turen skulle gå hen, hvis vi fik et stort statsoverhoved på besøg i Nordjylland og har lavet denne guide. Lad os håbe, der snart kommer nogen forbi! ??;NORMAL
Vi synes jo, at alle i hele verden skal følge med i ’Skam’.??;NORMAL
Vi vidste jo ikke en skid om at lave biler.;NORMAL
Vi vidste jo ikke en skid om at lave biler.Casper Christenen og Frank Hvams nye film 'Dan Dream' tager afsæt i en virkelig historie om den danske elbil. Bliv klogere i denne webdok.;NORMAL
Video optaget af Daniel Rønnow af branden i Hedensted.;NORMAL
Vidste du det?At i Struer Kommune er der absolut flest spilleautomater i hele Danmark - målt på indbyggertal. Om der så også er flere, der scorer den store gevinst i Struer, ja, det skal være usagt......;NORMAL
Vidste du, at de danske farvande gemmer på mere af vores fortid fra stenalderen end på land? Og skaber bedre bevaring end havene i resten af verden.;TEMA
Vidste du, at Karen Blixen havde en ret sej moster?Hun var den første kvinde på Folketingets talerstol i 1909. Men hvad sagde hun?Få svaret i aften kl. 21.00, når 'Historiequizzen' besøger Rungstedlund.;NORMAL
Vidste du, at når krisen kradser, så kradser skægget?Gå på digital opdagelse i vores Danmarkshistorie her.;TEMA
Vil du være med til et tankeeksperiment? ?? Små ting kan ændre historiens gang. Hvad nu hvis Alexander Fleming ikke havde lavet en fejl, så der kom bakterier i hans forsøg? Så var penicillinen ikke blevet opfundet. Hvad med dig? Fortæl os om en begivenhed, der har haft betydning for, hvor du er endt i dag:;TEMA
Ville du også gerne det?;NORMAL
Ville du også gerne have haft Beyoncé på Roskilde Festival? ??;NORMAL
Ville han få din stemme? :);NORMAL
Vindmøller har ry for at larme, men nu kan pensionerede vindmøller være med til at nedbringe støj.De første gamle vindmølle-vinger er ankommet til Aalborg, hvor de skal nedbrydes og bruges som støjskærme.;NORMAL
Vinteren fra sin smukkeste side. Tågen danser med solen ved Skansen på Tåsinge. Taget af Linda Wig Hansen.;NORMAL
Vores badmintondarling Viktor Axelsen bliver ved med at vinde! Først vandt han India Open, og nu er han sikkert videre fra første runde af Malaysia Open. Går han mon hele vejen igen?;NORMAL
Vores norske naboer vil lave verdens første skibs-tunnel.;NORMAL
Vær fræk og grib chancen, hvis den opstår. Sådan siger René Paulsen om at deltage på den omvendte jobmesse i Hedensted, som finder sted i dag.;NORMAL
Vært på Aftenshowet - DR1 Mikkel Fønsskov sprang forleden ud som frygtindgydende middelalderkriger - med blandet succes :D;NORMAL
Westminster Abbey huser en stor mindehøjtidelighed for ofrene for angrebet den 22. marts.;NORMAL
Yes!;NORMAL
Yndlingsbeskæftigelse: Sex og skuespil...I aften får Lærke besøg af skuespilleren Danica Curcic. Se med kl. 21.30.;NORMAL
Æggeblommer, øl og eddike. Nej, det er ikke en madopskrift men derimod remedier til et flot hår i 60'erne. Kan du huske andre gode husråd til et smukt udseende?;NORMAL
Åh nej ?? Fredag eftermiddag kørte en lastbil ind i en gågade i den svenske hovedstad, Stockholm. 4 mistede livet og 15 er såret. Vi svarer på nogle af jeres spørgsmål fra Instagram ????????;NORMAL
Åkirkeby havde været en oplagt hovedstad, hvis Danmark havde beholdt Skåne, Halland og Blekinge dengang i 1600-tallet.Byen ligger centralt, den har en lillebitte domkirke - og der er plads til at opføre de bygninger, en hovedstad har brug for, selv om et indbyggertal på 1,5 millioner mennesker måske ville være lidt for meget...Men hvis vi går fra tænk-nu-hvis til virkeligheden, så har vi faktisk haft en slags hovedstad i jernalderen, nemlig Sorte Muld ved Svaneke. Og i middelalderen havde Hammershus en vis tyngde i magtlaget. #endelafhistorien;TEMA
Aalborg-professoren stikker en advarsel i retning af ny teknologi, der kan løse en masse opgaver for os. Er du lige så bekymret som ham?;NORMAL
Årets Roskilde Festival bliver bla. med Savage Rose på plakaten – 43 år efter deres debut på festivalen i 1974.;NORMAL
Aarhus Banegård og Bruuns Galleri er afspærret efter et fjernvarmerør er sprunget. Masser af vand i dele af huset. Videoen herunder er optaget af en gæst i centret.Togtrafikken er ikke berørt.;NORMAL
Aarhus Universitetshospital har udviklet en ny meningitisvaccine, men den vil ikke blive en del af det danske børnevaccinationsprogram, før antallet af tilfælde begynder at stige, lyder det fra Sundhedsstyrelsen.;NORMAL
?? De smukke kirsebærtræer på Bispebjerg kirkegård står nu i næsten fuldt flor ??;NORMAL
